bucket,path,size,status,timestamp
property-images,properties/11acdd8f-78b9-4b83-96e2-54b333eb25cc/luxury_contemporary_residence_1.jpg,5557561,deleted-after-backup-and-live-reference-check,2026-10-01T09:26:44.727Z
property-images,properties/11acdd8f-78b9-4b83-96e2-54b333eb25cc/luxury_contemporary_residence_10.jpg,4261741,deleted-after-backup-and-live-reference-check,2026-10-01T09:26:44.734Z
property-images,properties/11acdd8f-78b9-4b83-96e2-54b333eb25cc/luxury_contemporary_residence_11.jpg,2311076,deleted-after-backup-and-live-reference-check,2026-10-01T09:26:44.737Z
property-images,properties/11acdd8f-78b9-4b83-96e2-54b333eb25cc/luxury_contemporary_residence_12.jpg,2767162,deleted-after-backup-and-live-reference-check,2026-10-01T09:26:44.740Z
property-images,properties/11acdd8f-78b9-4b83-96e2-54b333eb25cc/luxury_contemporary_residence_13.jpg,2565063,deleted-after-backup-and-live-reference-check,2026-10-01T09:26:44.743Z
property-images,properties/11acdd8f-78b9-4b83-96e2-54b333eb25cc/luxury_contemporary_residence_14.jpg,2405252,deleted-after-backup-and-live-reference-check,2026-10-01T09:26:44.749Z
property-images,properties/11acdd8f-78b9-4b83-96e2-54b333eb25cc/luxury_contemporary_residence_15.jpg,3893553,deleted-after-backup-and-live-reference-check,2026-10-01T09:26:44.753Z
property-images,properties/11acdd8f-78b9-4b83-96e2-54b333eb25cc/luxury_contemporary_residence_16.jpg,3294667,deleted-after-backup-and-live-reference-check,2026-10-01T09:26:44.756Z
property-images,properties/11acdd8f-78b9-4b83-96e2-54b333eb25cc/luxury_contemporary_residence_17.jpg,3053359,deleted-after-backup-and-live-reference-check,2026-10-01T09:26:44.758Z
property-images,properties/11acdd8f-78b9-4b83-96e2-54b333eb25cc/luxury_contemporary_residence_18.jpg,2589947,deleted-after-backup-and-live-reference-check,2026-10-01T09:26:44.766Z
property-images,properties/11acdd8f-78b9-4b83-96e2-54b333eb25cc/luxury_contemporary_residence_19.jpg,2465922,deleted-after-backup-and-live-reference-check,2026-10-01T09:26:44.769Z
property-images,properties/11acdd8f-78b9-4b83-96e2-54b333eb25cc/luxury_contemporary_residence_2.jpg,3819496,deleted-after-backup-and-live-reference-check,2026-10-01T09:26:44.772Z
property-images,properties/11acdd8f-78b9-4b83-96e2-54b333eb25cc/luxury_contemporary_residence_20.jpg,2408522,deleted-after-backup-and-live-reference-check,2026-10-01T09:26:44.775Z
property-images,properties/11acdd8f-78b9-4b83-96e2-54b333eb25cc/luxury_contemporary_residence_21.jpg,2442533,deleted-after-backup-and-live-reference-check,2026-10-01T09:26:44.782Z
property-images,properties/11acdd8f-78b9-4b83-96e2-54b333eb25cc/luxury_contemporary_residence_22.jpg,2479962,deleted-after-backup-and-live-reference-check,2026-10-01T09:26:44.786Z
property-images,properties/11acdd8f-78b9-4b83-96e2-54b333eb25cc/luxury_contemporary_residence_23.jpg,2786563,deleted-after-backup-and-live-reference-check,2026-10-01T09:26:44.788Z
property-images,properties/11acdd8f-78b9-4b83-96e2-54b333eb25cc/luxury_contemporary_residence_24.jpg,4335297,deleted-after-backup-and-live-reference-check,2026-10-01T09:26:44.791Z
property-images,properties/11acdd8f-78b9-4b83-96e2-54b333eb25cc/luxury_contemporary_residence_25.jpg,5358707,deleted-after-backup-and-live-reference-check,2026-10-01T09:26:44.798Z
property-images,properties/11acdd8f-78b9-4b83-96e2-54b333eb25cc/luxury_contemporary_residence_26.jpg,3105251,deleted-after-backup-and-live-reference-check,2026-10-01T09:26:44.802Z
property-images,properties/11acdd8f-78b9-4b83-96e2-54b333eb25cc/luxury_contemporary_residence_27.jpg,5474036,deleted-after-backup-and-live-reference-check,2026-10-01T09:26:44.805Z
property-images,properties/11acdd8f-78b9-4b83-96e2-54b333eb25cc/luxury_contemporary_residence_3.jpg,2496012,deleted-after-backup-and-live-reference-check,2026-10-01T09:27:00.305Z
property-images,properties/11acdd8f-78b9-4b83-96e2-54b333eb25cc/luxury_contemporary_residence_4.jpg,4551408,deleted-after-backup-and-live-reference-check,2026-10-01T09:27:00.307Z
property-images,properties/11acdd8f-78b9-4b83-96e2-54b333eb25cc/luxury_contemporary_residence_5.jpg,3999221,deleted-after-backup-and-live-reference-check,2026-10-01T09:27:00.309Z
property-images,properties/11acdd8f-78b9-4b83-96e2-54b333eb25cc/luxury_contemporary_residence_6.jpg,5344881,deleted-after-backup-and-live-reference-check,2026-10-01T09:27:00.311Z
property-images,properties/11acdd8f-78b9-4b83-96e2-54b333eb25cc/luxury_contemporary_residence_7.jpg,3201838,deleted-after-backup-and-live-reference-check,2026-10-01T09:27:00.313Z
property-images,properties/11acdd8f-78b9-4b83-96e2-54b333eb25cc/luxury_contemporary_residence_8.jpg,2451678,deleted-after-backup-and-live-reference-check,2026-10-01T09:27:00.315Z
property-images,properties/11acdd8f-78b9-4b83-96e2-54b333eb25cc/luxury_contemporary_residence_9.jpg,2683156,deleted-after-backup-and-live-reference-check,2026-10-01T09:27:00.317Z
property-images,properties/1788651115508_20260905_175545.jpg,5557561,deleted-after-backup-and-live-reference-check,2026-10-01T09:27:00.321Z
property-images,properties/1788651115513_20260905_175508.jpg,3819496,deleted-after-backup-and-live-reference-check,2026-10-01T09:27:00.323Z
property-images,properties/1788651115513_20260905_175520.jpg,3999221,deleted-after-backup-and-live-reference-check,2026-10-01T09:27:00.325Z
property-images,properties/1788651115513_20260905_175551.jpg,5344881,deleted-after-backup-and-live-reference-check,2026-10-01T09:27:00.327Z
property-images,properties/1788651115513_20260905_175612.jpg,4551408,deleted-after-backup-and-live-reference-check,2026-10-01T09:27:00.328Z
property-images,properties/1788651115513_20260905_180025.jpg,2496012,deleted-after-backup-and-live-reference-check,2026-10-01T09:27:00.330Z
property-images,properties/1788651115513_20260905_180316.jpg,3201838,deleted-after-backup-and-live-reference-check,2026-10-01T09:27:00.332Z
property-images,properties/1788651115513_20260905_180326.jpg,2451678,deleted-after-backup-and-live-reference-check,2026-10-01T09:27:00.337Z
property-images,properties/1788651115513_20260905_180335.jpg,2683156,deleted-after-backup-and-live-reference-check,2026-10-01T09:27:00.339Z
property-images,properties/1788651115513_20260905_180346.jpg,4261741,deleted-after-backup-and-live-reference-check,2026-10-01T09:27:00.341Z
property-images,properties/1788651115513_20260905_180551.jpg,2311076,deleted-after-backup-and-live-reference-check,2026-10-01T09:27:00.343Z
property-images,properties/1788651115514_20260905_175919.jpg,5474036,deleted-after-backup-and-live-reference-check,2026-10-01T09:27:00.345Z
property-images,properties/1788651115514_20260905_175928.jpg,3105251,deleted-after-backup-and-live-reference-check,2026-10-01T09:27:00.347Z
property-images,properties/1788651115514_20260905_175937.jpg,5358707,deleted-after-backup-and-live-reference-check,2026-10-01T09:27:14.421Z
property-images,properties/1788651115514_20260905_180011.jpg,4335297,deleted-after-backup-and-live-reference-check,2026-10-01T09:27:14.427Z
property-images,properties/1788651115514_20260905_180034.jpg,2786563,deleted-after-backup-and-live-reference-check,2026-10-01T09:27:14.430Z
property-images,properties/1788651115514_20260905_180040.jpg,2479962,deleted-after-backup-and-live-reference-check,2026-10-01T09:27:14.433Z
property-images,properties/1788651115514_20260905_180051.jpg,2442533,deleted-after-backup-and-live-reference-check,2026-10-01T09:27:14.435Z
property-images,properties/1788651115514_20260905_180059.jpg,2408522,deleted-after-backup-and-live-reference-check,2026-10-01T09:27:14.437Z
property-images,properties/1788651115514_20260905_180123.jpg,2465922,deleted-after-backup-and-live-reference-check,2026-10-01T09:27:14.439Z
property-images,properties/1788651115514_20260905_180130.jpg,2589947,deleted-after-backup-and-live-reference-check,2026-10-01T09:27:14.444Z
property-images,properties/1788651115514_20260905_180202.jpg,3053359,deleted-after-backup-and-live-reference-check,2026-10-01T09:27:14.446Z
property-images,properties/1788651115514_20260905_180211.jpg,3294667,deleted-after-backup-and-live-reference-check,2026-10-01T09:27:14.448Z
property-images,properties/1788651115514_20260905_180230.jpg,3893553,deleted-after-backup-and-live-reference-check,2026-10-01T09:27:14.451Z
property-images,properties/1788651115514_20260905_180304.jpg,2405252,deleted-after-backup-and-live-reference-check,2026-10-01T09:27:14.453Z
property-images,properties/1788651115514_20260905_180309.jpg,2565063,deleted-after-backup-and-live-reference-check,2026-10-01T09:27:14.455Z
property-images,properties/1788651115514_20260905_180553.jpg,2767162,deleted-after-backup-and-live-reference-check,2026-10-01T09:27:14.461Z
property-images,properties/8d875453-90a7-4684-ad54-ac1825f1d475/luxury_contemporary_residence_1.jpg,5557561,deleted-after-backup-and-live-reference-check,2026-10-01T09:27:14.463Z
property-images,properties/8d875453-90a7-4684-ad54-ac1825f1d475/luxury_contemporary_residence_10.jpg,4261741,deleted-after-backup-and-live-reference-check,2026-10-01T09:27:14.465Z
property-images,properties/8d875453-90a7-4684-ad54-ac1825f1d475/luxury_contemporary_residence_11.jpg,2311076,deleted-after-backup-and-live-reference-check,2026-10-01T09:27:14.468Z
property-images,properties/8d875453-90a7-4684-ad54-ac1825f1d475/luxury_contemporary_residence_12.jpg,2767162,deleted-after-backup-and-live-reference-check,2026-10-01T09:27:14.469Z
property-images,properties/8d875453-90a7-4684-ad54-ac1825f1d475/luxury_contemporary_residence_13.jpg,2565063,deleted-after-backup-and-live-reference-check,2026-10-01T09:27:14.471Z
property-images,properties/8d875453-90a7-4684-ad54-ac1825f1d475/luxury_contemporary_residence_14.jpg,2405252,deleted-after-backup-and-live-reference-check,2026-10-01T09:27:14.473Z
property-images,properties/8d875453-90a7-4684-ad54-ac1825f1d475/luxury_contemporary_residence_15.jpg,3893553,deleted-after-backup-and-live-reference-check,2026-10-01T09:27:28.818Z
property-images,properties/8d875453-90a7-4684-ad54-ac1825f1d475/luxury_contemporary_residence_16.jpg,3294667,deleted-after-backup-and-live-reference-check,2026-10-01T09:27:28.821Z
property-images,properties/8d875453-90a7-4684-ad54-ac1825f1d475/luxury_contemporary_residence_17.jpg,3053359,deleted-after-backup-and-live-reference-check,2026-10-01T09:27:28.827Z
property-images,properties/8d875453-90a7-4684-ad54-ac1825f1d475/luxury_contemporary_residence_18.jpg,2589947,deleted-after-backup-and-live-reference-check,2026-10-01T09:27:28.829Z
property-images,properties/8d875453-90a7-4684-ad54-ac1825f1d475/luxury_contemporary_residence_19.jpg,2465922,deleted-after-backup-and-live-reference-check,2026-10-01T09:27:28.832Z
property-images,properties/8d875453-90a7-4684-ad54-ac1825f1d475/luxury_contemporary_residence_2.jpg,3819496,deleted-after-backup-and-live-reference-check,2026-10-01T09:27:28.834Z
property-images,properties/8d875453-90a7-4684-ad54-ac1825f1d475/luxury_contemporary_residence_20.jpg,2408522,deleted-after-backup-and-live-reference-check,2026-10-01T09:27:28.836Z
property-images,properties/8d875453-90a7-4684-ad54-ac1825f1d475/luxury_contemporary_residence_21.jpg,2442533,deleted-after-backup-and-live-reference-check,2026-10-01T09:27:28.838Z
property-images,properties/8d875453-90a7-4684-ad54-ac1825f1d475/luxury_contemporary_residence_22.jpg,2479962,deleted-after-backup-and-live-reference-check,2026-10-01T09:27:28.843Z
property-images,properties/8d875453-90a7-4684-ad54-ac1825f1d475/luxury_contemporary_residence_23.jpg,2786563,deleted-after-backup-and-live-reference-check,2026-10-01T09:27:28.849Z
property-images,properties/8d875453-90a7-4684-ad54-ac1825f1d475/luxury_contemporary_residence_24.jpg,4335297,deleted-after-backup-and-live-reference-check,2026-10-01T09:27:28.851Z
property-images,properties/8d875453-90a7-4684-ad54-ac1825f1d475/luxury_contemporary_residence_25.jpg,5358707,deleted-after-backup-and-live-reference-check,2026-10-01T09:27:28.853Z
property-images,properties/8d875453-90a7-4684-ad54-ac1825f1d475/luxury_contemporary_residence_26.jpg,3105251,deleted-after-backup-and-live-reference-check,2026-10-01T09:27:28.855Z
property-images,properties/8d875453-90a7-4684-ad54-ac1825f1d475/luxury_contemporary_residence_27.jpg,5474036,deleted-after-backup-and-live-reference-check,2026-10-01T09:27:28.863Z
property-images,properties/8d875453-90a7-4684-ad54-ac1825f1d475/luxury_contemporary_residence_3.jpg,2496012,deleted-after-backup-and-live-reference-check,2026-10-01T09:27:28.865Z
property-images,properties/8d875453-90a7-4684-ad54-ac1825f1d475/luxury_contemporary_residence_4.jpg,4551408,deleted-after-backup-and-live-reference-check,2026-10-01T09:27:28.867Z
property-images,properties/8d875453-90a7-4684-ad54-ac1825f1d475/luxury_contemporary_residence_5.jpg,3999221,deleted-after-backup-and-live-reference-check,2026-10-01T09:27:28.869Z
property-images,properties/8d875453-90a7-4684-ad54-ac1825f1d475/luxury_contemporary_residence_6.jpg,5344881,deleted-after-backup-and-live-reference-check,2026-10-01T09:27:28.871Z
property-images,properties/8d875453-90a7-4684-ad54-ac1825f1d475/luxury_contemporary_residence_7.jpg,3201838,deleted-after-backup-and-live-reference-check,2026-10-01T09:27:28.876Z
property-images,properties/8d875453-90a7-4684-ad54-ac1825f1d475/luxury_contemporary_residence_8.jpg,2451678,deleted-after-backup-and-live-reference-check,2026-10-01T09:27:28.879Z
property-images,properties/8d875453-90a7-4684-ad54-ac1825f1d475/luxury_contemporary_residence_9.jpg,2683156,deleted-after-backup-and-live-reference-check,2026-10-01T09:27:43.779Z
property-images,properties/ec47d3eb-93f8-4317-a2b6-49e2906f32de/luxury_contemporary_residence_1.jpg,5557561,deleted-after-backup-and-live-reference-check,2026-10-01T09:27:43.787Z
property-images,properties/ec47d3eb-93f8-4317-a2b6-49e2906f32de/luxury_contemporary_residence_10.jpg,4261741,deleted-after-backup-and-live-reference-check,2026-10-01T09:27:43.789Z
property-images,properties/ec47d3eb-93f8-4317-a2b6-49e2906f32de/luxury_contemporary_residence_11.jpg,2311076,deleted-after-backup-and-live-reference-check,2026-10-01T09:27:43.791Z
property-images,properties/ec47d3eb-93f8-4317-a2b6-49e2906f32de/luxury_contemporary_residence_12.jpg,2767162,deleted-after-backup-and-live-reference-check,2026-10-01T09:27:43.792Z
property-images,properties/ec47d3eb-93f8-4317-a2b6-49e2906f32de/luxury_contemporary_residence_13.jpg,2565063,deleted-after-backup-and-live-reference-check,2026-10-01T09:27:43.795Z
property-images,properties/ec47d3eb-93f8-4317-a2b6-49e2906f32de/luxury_contemporary_residence_14.jpg,2405252,deleted-after-backup-and-live-reference-check,2026-10-01T09:27:43.801Z
property-images,properties/ec47d3eb-93f8-4317-a2b6-49e2906f32de/luxury_contemporary_residence_15.jpg,3893553,deleted-after-backup-and-live-reference-check,2026-10-01T09:27:43.804Z
property-images,properties/ec47d3eb-93f8-4317-a2b6-49e2906f32de/luxury_contemporary_residence_16.jpg,3294667,deleted-after-backup-and-live-reference-check,2026-10-01T09:27:43.806Z
property-images,properties/ec47d3eb-93f8-4317-a2b6-49e2906f32de/luxury_contemporary_residence_17.jpg,3053359,deleted-after-backup-and-live-reference-check,2026-10-01T09:27:43.808Z
property-images,properties/ec47d3eb-93f8-4317-a2b6-49e2906f32de/luxury_contemporary_residence_18.jpg,2589947,deleted-after-backup-and-live-reference-check,2026-10-01T09:27:43.810Z
property-images,properties/ec47d3eb-93f8-4317-a2b6-49e2906f32de/luxury_contemporary_residence_19.jpg,2465922,deleted-after-backup-and-live-reference-check,2026-10-01T09:27:43.812Z
property-images,properties/ec47d3eb-93f8-4317-a2b6-49e2906f32de/luxury_contemporary_residence_2.jpg,3819496,deleted-after-backup-and-live-reference-check,2026-10-01T09:27:43.816Z
property-images,properties/ec47d3eb-93f8-4317-a2b6-49e2906f32de/luxury_contemporary_residence_20.jpg,2408522,deleted-after-backup-and-live-reference-check,2026-10-01T09:27:43.819Z
property-images,properties/ec47d3eb-93f8-4317-a2b6-49e2906f32de/luxury_contemporary_residence_21.jpg,2442533,deleted-after-backup-and-live-reference-check,2026-10-01T09:27:43.821Z
property-images,properties/ec47d3eb-93f8-4317-a2b6-49e2906f32de/luxury_contemporary_residence_22.jpg,2479962,deleted-after-backup-and-live-reference-check,2026-10-01T09:27:43.823Z
property-images,properties/ec47d3eb-93f8-4317-a2b6-49e2906f32de/luxury_contemporary_residence_23.jpg,2786563,deleted-after-backup-and-live-reference-check,2026-10-01T09:27:43.825Z
property-images,properties/ec47d3eb-93f8-4317-a2b6-49e2906f32de/luxury_contemporary_residence_24.jpg,4335297,deleted-after-backup-and-live-reference-check,2026-10-01T09:27:43.826Z
property-images,properties/ec47d3eb-93f8-4317-a2b6-49e2906f32de/luxury_contemporary_residence_25.jpg,5358707,deleted-after-backup-and-live-reference-check,2026-10-01T09:27:43.828Z
property-images,properties/ec47d3eb-93f8-4317-a2b6-49e2906f32de/luxury_contemporary_residence_26.jpg,3105251,deleted-after-backup-and-live-reference-check,2026-10-01T09:27:43.832Z
property-images,properties/ec47d3eb-93f8-4317-a2b6-49e2906f32de/luxury_contemporary_residence_27.jpg,5474036,deleted-after-backup-and-live-reference-check,2026-10-01T09:27:57.876Z
property-images,properties/ec47d3eb-93f8-4317-a2b6-49e2906f32de/luxury_contemporary_residence_3.jpg,2496012,deleted-after-backup-and-live-reference-check,2026-10-01T09:27:57.878Z
property-images,properties/ec47d3eb-93f8-4317-a2b6-49e2906f32de/luxury_contemporary_residence_4.jpg,4551408,deleted-after-backup-and-live-reference-check,2026-10-01T09:27:57.880Z
property-images,properties/ec47d3eb-93f8-4317-a2b6-49e2906f32de/luxury_contemporary_residence_5.jpg,3999221,deleted-after-backup-and-live-reference-check,2026-10-01T09:27:57.882Z
property-images,properties/ec47d3eb-93f8-4317-a2b6-49e2906f32de/luxury_contemporary_residence_6.jpg,5344881,deleted-after-backup-and-live-reference-check,2026-10-01T09:27:57.884Z
property-images,properties/ec47d3eb-93f8-4317-a2b6-49e2906f32de/luxury_contemporary_residence_7.jpg,3201838,deleted-after-backup-and-live-reference-check,2026-10-01T09:27:57.886Z
property-images,properties/ec47d3eb-93f8-4317-a2b6-49e2906f32de/luxury_contemporary_residence_8.jpg,2451678,deleted-after-backup-and-live-reference-check,2026-10-01T09:27:57.890Z
property-images,properties/ec47d3eb-93f8-4317-a2b6-49e2906f32de/luxury_contemporary_residence_9.jpg,2683156,deleted-after-backup-and-live-reference-check,2026-10-01T09:27:57.893Z
