bucket,path,original_bytes,estimated_new_bytes,percent_saved,decision
ongoing-project-images,ongoing_projects/1784759538460_20260722_150026.jpg,5938182,655222,88.97,compress: meets 20% minimum
ongoing-project-images,ongoing_projects/1784759538462_20260722_150039.jpg,5777064,591968,89.75,compress: meets 20% minimum
ongoing-project-images,ongoing_projects/1784759538462_20260722_150046.jpg,5623446,644824,88.53,compress: meets 20% minimum
ongoing-project-images,ongoing_projects/1784760358730_1000124375.jpg,5825303,674431,88.42,compress: meets 20% minimum
ongoing-project-images,ongoing_projects/1784760358732_1000124376.jpg,3847675,615569,84.00,compress: meets 20% minimum
ongoing-project-images,ongoing_projects/1784760358733_1000124378.jpg,3230301,453342,85.97,compress: meets 20% minimum
ongoing-project-images,ongoing_projects/1784760358733_1000124379.jpg,3209923,447459,86.06,compress: meets 20% minimum
ongoing-project-images,ongoing_projects/1784760519678_1000124381.jpg,5160895,554104,89.26,compress: meets 20% minimum
ongoing-project-images,ongoing_projects/1784760519678_1000124400.jpg,5177272,801585,84.52,compress: meets 20% minimum
ongoing-project-images,ongoing_projects/1784760519679_1000124375.jpg,5825303,674431,88.42,compress: meets 20% minimum
ongoing-project-images,ongoing_projects/1784760519679_1000124376.jpg,3847675,615569,84.00,compress: meets 20% minimum
ongoing-project-images,ongoing_projects/1784760519679_1000124379.jpg,3209923,447459,86.06,compress: meets 20% minimum
ongoing-project-images,ongoing_projects/1784760758101_20260722_132546.jpg,4210905,431985,89.74,compress: meets 20% minimum
ongoing-project-images,ongoing_projects/1784760758102_20260722_132612.jpg,5075264,563094,88.91,compress: meets 20% minimum
ongoing-project-images,ongoing_projects/1784760758102_20260722_132648.jpg,6260963,665467,89.37,compress: meets 20% minimum
ongoing-project-images,ongoing_projects/1784760758102_20260722_132653.jpg,6722733,782406,88.36,compress: meets 20% minimum
ongoing-project-images,ongoing_projects/1784760758105_20260722_132753.jpg,4172304,333315,92.01,compress: meets 20% minimum
ongoing-project-images,ongoing_projects/1784760758105_20260722_132808.jpg,5346452,455710,91.48,compress: meets 20% minimum
ongoing-project-images,ongoing_projects/1784994005706_1000128517.jpg,6834900,769390,88.74,compress: meets 20% minimum
ongoing-project-images,ongoing_projects/1784994005708_1000128518.jpg,6360542,665331,89.54,compress: meets 20% minimum
ongoing-project-images,ongoing_projects/1784994005708_1000128520.jpg,4341011,469293,89.19,compress: meets 20% minimum
ongoing-project-images,ongoing_projects/1784994005708_1000128521.jpg,4186511,480781,88.52,compress: meets 20% minimum
ongoing-project-images,ongoing_projects/1784994005708_1000128522.jpg,3277188,368566,88.75,compress: meets 20% minimum
ongoing-project-images,ongoing_projects/1784994005708_1000128523.jpg,3868977,426842,88.97,compress: meets 20% minimum
ongoing-project-images,ongoing_projects/1784994005708_1000128524.jpg,3767914,465233,87.65,compress: meets 20% minimum
ongoing-project-images,ongoing_projects/1784994005708_1000128525.jpg,3894942,326287,91.62,compress: meets 20% minimum
ongoing-project-images,ongoing_projects/1784994005708_1000128532.jpg,4163539,425733,89.77,compress: meets 20% minimum
ongoing-project-images,ongoing_projects/1784994005708_1000128538.jpg,5260605,639116,87.85,compress: meets 20% minimum
ongoing-project-images,ongoing_projects/1784994005708_1000128555.jpg,6198802,641394,89.65,compress: meets 20% minimum
ongoing-project-images,ongoing_projects/1784994005708_1000128556.jpg,5835501,561529,90.38,compress: meets 20% minimum
agent-photos,applications/1788216080122_20260529_143652.jpg,4477224,334103,92.54,compress: meets 20% minimum
property-images,properties/7f484187-c897-43a5-8cf9-893f5f91baf3/luxury_contemporary_residence_1.jpg,5557561,557318,89.97,compress: meets 20% minimum
property-images,properties/7f484187-c897-43a5-8cf9-893f5f91baf3/luxury_contemporary_residence_10.jpg,4261741,348573,91.82,compress: meets 20% minimum
property-images,properties/7f484187-c897-43a5-8cf9-893f5f91baf3/luxury_contemporary_residence_11.jpg,2311076,184027,92.04,compress: meets 20% minimum
property-images,properties/7f484187-c897-43a5-8cf9-893f5f91baf3/luxury_contemporary_residence_12.jpg,2767162,346110,87.49,compress: meets 20% minimum
property-images,properties/7f484187-c897-43a5-8cf9-893f5f91baf3/luxury_contemporary_residence_13.jpg,2565063,116905,95.44,compress: meets 20% minimum
property-images,properties/7f484187-c897-43a5-8cf9-893f5f91baf3/luxury_contemporary_residence_14.jpg,2405252,99545,95.86,compress: meets 20% minimum
property-images,properties/7f484187-c897-43a5-8cf9-893f5f91baf3/luxury_contemporary_residence_15.jpg,3893553,362721,90.68,compress: meets 20% minimum
property-images,properties/7f484187-c897-43a5-8cf9-893f5f91baf3/luxury_contemporary_residence_16.jpg,3294667,191724,94.18,compress: meets 20% minimum
property-images,properties/7f484187-c897-43a5-8cf9-893f5f91baf3/luxury_contemporary_residence_17.jpg,3053359,179370,94.13,compress: meets 20% minimum
property-images,properties/7f484187-c897-43a5-8cf9-893f5f91baf3/luxury_contemporary_residence_18.jpg,2589947,91478,96.47,compress: meets 20% minimum
property-images,properties/7f484187-c897-43a5-8cf9-893f5f91baf3/luxury_contemporary_residence_19.jpg,2465922,95383,96.13,compress: meets 20% minimum
property-images,properties/7f484187-c897-43a5-8cf9-893f5f91baf3/luxury_contemporary_residence_2.jpg,3819496,324609,91.50,compress: meets 20% minimum
property-images,properties/7f484187-c897-43a5-8cf9-893f5f91baf3/luxury_contemporary_residence_20.jpg,2408522,100336,95.83,compress: meets 20% minimum
property-images,properties/7f484187-c897-43a5-8cf9-893f5f91baf3/luxury_contemporary_residence_21.jpg,2442533,137059,94.39,compress: meets 20% minimum
property-images,properties/7f484187-c897-43a5-8cf9-893f5f91baf3/luxury_contemporary_residence_22.jpg,2479962,143042,94.23,compress: meets 20% minimum
property-images,properties/7f484187-c897-43a5-8cf9-893f5f91baf3/luxury_contemporary_residence_23.jpg,2786563,159049,94.29,compress: meets 20% minimum
property-images,properties/7f484187-c897-43a5-8cf9-893f5f91baf3/luxury_contemporary_residence_24.jpg,4335297,243215,94.39,compress: meets 20% minimum
property-images,properties/7f484187-c897-43a5-8cf9-893f5f91baf3/luxury_contemporary_residence_25.jpg,5358707,560605,89.54,compress: meets 20% minimum
property-images,properties/7f484187-c897-43a5-8cf9-893f5f91baf3/luxury_contemporary_residence_26.jpg,3105251,251858,91.89,compress: meets 20% minimum
property-images,properties/7f484187-c897-43a5-8cf9-893f5f91baf3/luxury_contemporary_residence_27.jpg,5474036,460453,91.59,compress: meets 20% minimum
property-images,properties/7f484187-c897-43a5-8cf9-893f5f91baf3/luxury_contemporary_residence_3.jpg,2496012,192325,92.29,compress: meets 20% minimum
property-images,properties/7f484187-c897-43a5-8cf9-893f5f91baf3/luxury_contemporary_residence_4.jpg,4551408,344225,92.44,compress: meets 20% minimum
property-images,properties/7f484187-c897-43a5-8cf9-893f5f91baf3/luxury_contemporary_residence_5.jpg,3999221,464651,88.38,compress: meets 20% minimum
property-images,properties/7f484187-c897-43a5-8cf9-893f5f91baf3/luxury_contemporary_residence_6.jpg,5344881,525838,90.16,compress: meets 20% minimum
property-images,properties/7f484187-c897-43a5-8cf9-893f5f91baf3/luxury_contemporary_residence_7.jpg,3201838,196693,93.86,compress: meets 20% minimum
property-images,properties/7f484187-c897-43a5-8cf9-893f5f91baf3/luxury_contemporary_residence_8.jpg,2451678,107894,95.60,compress: meets 20% minimum
property-images,properties/7f484187-c897-43a5-8cf9-893f5f91baf3/luxury_contemporary_residence_9.jpg,2683156,105088,96.08,compress: meets 20% minimum
property-images,properties/a13997fd-83a6-479a-b817-2d3a67765921/exclusive_5_bedroom_fully_detached_luxury_duplex_1.jpg,5817011,515890,91.13,compress: meets 20% minimum
property-images,properties/a13997fd-83a6-479a-b817-2d3a67765921/exclusive_5_bedroom_fully_detached_luxury_duplex_10.jpg,7185854,885987,87.67,compress: meets 20% minimum
property-images,properties/a13997fd-83a6-479a-b817-2d3a67765921/exclusive_5_bedroom_fully_detached_luxury_duplex_11.jpg,3493369,187966,94.62,compress: meets 20% minimum
property-images,properties/a13997fd-83a6-479a-b817-2d3a67765921/exclusive_5_bedroom_fully_detached_luxury_duplex_12.jpg,2383154,114908,95.18,compress: meets 20% minimum
property-images,properties/a13997fd-83a6-479a-b817-2d3a67765921/exclusive_5_bedroom_fully_detached_luxury_duplex_13.jpg,2375893,83805,96.47,compress: meets 20% minimum
property-images,properties/a13997fd-83a6-479a-b817-2d3a67765921/exclusive_5_bedroom_fully_detached_luxury_duplex_14.jpg,2797048,126173,95.49,compress: meets 20% minimum
property-images,properties/a13997fd-83a6-479a-b817-2d3a67765921/exclusive_5_bedroom_fully_detached_luxury_duplex_15.jpg,2522910,92198,96.35,compress: meets 20% minimum
property-images,properties/a13997fd-83a6-479a-b817-2d3a67765921/exclusive_5_bedroom_fully_detached_luxury_duplex_16.jpg,2615095,97099,96.29,compress: meets 20% minimum
property-images,properties/a13997fd-83a6-479a-b817-2d3a67765921/exclusive_5_bedroom_fully_detached_luxury_duplex_17.jpg,4116687,273845,93.35,compress: meets 20% minimum
property-images,properties/a13997fd-83a6-479a-b817-2d3a67765921/exclusive_5_bedroom_fully_detached_luxury_duplex_18.jpg,3528720,188909,94.65,compress: meets 20% minimum
property-images,properties/a13997fd-83a6-479a-b817-2d3a67765921/exclusive_5_bedroom_fully_detached_luxury_duplex_2.jpg,3919575,276189,92.95,compress: meets 20% minimum
property-images,properties/a13997fd-83a6-479a-b817-2d3a67765921/exclusive_5_bedroom_fully_detached_luxury_duplex_3.jpg,3433931,220596,93.58,compress: meets 20% minimum
property-images,properties/a13997fd-83a6-479a-b817-2d3a67765921/exclusive_5_bedroom_fully_detached_luxury_duplex_4.jpg,5582783,495080,91.13,compress: meets 20% minimum
property-images,properties/a13997fd-83a6-479a-b817-2d3a67765921/exclusive_5_bedroom_fully_detached_luxury_duplex_5.jpg,2939369,199023,93.23,compress: meets 20% minimum
property-images,properties/a13997fd-83a6-479a-b817-2d3a67765921/exclusive_5_bedroom_fully_detached_luxury_duplex_6.jpg,5817011,515890,91.13,compress: meets 20% minimum
property-images,properties/a13997fd-83a6-479a-b817-2d3a67765921/exclusive_5_bedroom_fully_detached_luxury_duplex_7.jpg,2456188,94017,96.17,compress: meets 20% minimum
property-images,properties/a13997fd-83a6-479a-b817-2d3a67765921/exclusive_5_bedroom_fully_detached_luxury_duplex_8.jpg,4018664,249244,93.80,compress: meets 20% minimum
property-images,properties/a13997fd-83a6-479a-b817-2d3a67765921/exclusive_5_bedroom_fully_detached_luxury_duplex_9.jpg,4672338,370348,92.07,compress: meets 20% minimum
property-images,submissions/1786228966868-wy4bemqqm7m.jpeg,4162055,396251,90.48,compress: meets 20% minimum
property-images,submissions/1786228966871-0u0ubkie5ff.jpeg,4527588,473831,89.53,compress: meets 20% minimum
property-images,submissions/1786228966871-39n5utrfaas.jpeg,4185291,424218,89.86,compress: meets 20% minimum
property-images,submissions/1786228966871-3n30lsyzmw7.jpeg,4300387,514226,88.04,compress: meets 20% minimum
property-images,submissions/1786228966871-49fcq4bylpr.jpeg,2983818,267101,91.05,compress: meets 20% minimum
property-images,submissions/1786228966871-ffkmzjqkfhw.jpeg,4726475,518084,89.04,compress: meets 20% minimum
property-images,submissions/1786228966871-zv4lqprelh9.jpeg,4355030,464730,89.33,compress: meets 20% minimum
property-images,submissions/1786228966872-92akgxcjz5b.jpeg,4937302,509709,89.68,compress: meets 20% minimum
property-images,submissions/1786228966872-hd6q6gqz8jj.jpeg,5202674,892219,82.85,compress: meets 20% minimum
