bucket,path,status,original_bytes,uploaded_bytes,detail,timestamp
agent-photos,applications/1788216080122_20260529_143652.jpg,compressed-verified,4477224,334103,HTTP 200; image/jpeg; 334103 bytes.,2026-10-01T10:28:19.468Z
ongoing-project-images,ongoing_projects/1784759538460_20260722_150026.jpg,compressed-verified,5938182,655222,HTTP 200; image/jpeg; 655222 bytes.,2026-10-01T10:36:24.450Z
ongoing-project-images,ongoing_projects/1784759538462_20260722_150039.jpg,compressed-verified,5777064,591968,HTTP 200; image/jpeg; 591968 bytes.,2026-10-01T10:36:34.307Z
ongoing-project-images,ongoing_projects/1784759538462_20260722_150046.jpg,compressed-verified,5623446,644824,HTTP 200; image/jpeg; 644824 bytes.,2026-10-01T10:36:42.659Z
ongoing-project-images,ongoing_projects/1784760358730_1000124375.jpg,compressed-verified,5825303,674431,HTTP 200; image/jpeg; 674431 bytes.,2026-10-01T10:36:49.812Z
ongoing-project-images,ongoing_projects/1784760358732_1000124376.jpg,compressed-verified,3847675,615569,HTTP 200; image/jpeg; 615569 bytes.,2026-10-01T10:36:59.665Z
ongoing-project-images,ongoing_projects/1784760358733_1000124378.jpg,compressed-verified,3230301,453342,HTTP 200; image/jpeg; 453342 bytes.,2026-10-01T10:37:08.324Z
ongoing-project-images,ongoing_projects/1784760358733_1000124379.jpg,compressed-verified,3209923,447459,HTTP 200; image/jpeg; 447459 bytes.,2026-10-01T10:37:13.497Z
ongoing-project-images,ongoing_projects/1784760519678_1000124381.jpg,compressed-verified,5160895,554104,HTTP 200; image/jpeg; 554104 bytes.,2026-10-01T10:37:20.343Z
ongoing-project-images,ongoing_projects/1784760519678_1000124400.jpg,compressed-verified,5177272,801585,HTTP 200; image/jpeg; 801585 bytes.,2026-10-01T10:37:27.053Z
ongoing-project-images,ongoing_projects/1784760519679_1000124375.jpg,compressed-verified,5825303,674431,HTTP 200; image/jpeg; 674431 bytes.,2026-10-01T10:37:35.478Z
ongoing-project-images,ongoing_projects/1784760519679_1000124376.jpg,compressed-verified,3847675,615569,HTTP 200; image/jpeg; 615569 bytes.,2026-10-01T10:37:43.527Z
ongoing-project-images,ongoing_projects/1784760519679_1000124379.jpg,compressed-verified,3209923,447459,HTTP 200; image/jpeg; 447459 bytes.,2026-10-01T10:37:51.124Z
ongoing-project-images,ongoing_projects/1784760758101_20260722_132546.jpg,compressed-verified,4210905,431985,HTTP 200; image/jpeg; 431985 bytes.,2026-10-01T10:37:57.548Z
ongoing-project-images,ongoing_projects/1784760758102_20260722_132612.jpg,compressed-verified,5075264,563094,HTTP 200; image/jpeg; 563094 bytes.,2026-10-01T10:38:03.021Z
ongoing-project-images,ongoing_projects/1784760758102_20260722_132648.jpg,compressed-verified,6260963,665467,HTTP 200; image/jpeg; 665467 bytes.,2026-10-01T10:38:09.760Z
ongoing-project-images,ongoing_projects/1784760758102_20260722_132653.jpg,compressed-verified,6722733,782406,HTTP 200; image/jpeg; 782406 bytes.,2026-10-01T10:38:20.217Z
ongoing-project-images,ongoing_projects/1784760758105_20260722_132753.jpg,compressed-verified,4172304,333315,HTTP 200; image/jpeg; 333315 bytes.,2026-10-01T10:38:30.396Z
ongoing-project-images,ongoing_projects/1784760758105_20260722_132808.jpg,compressed-verified,5346452,455710,HTTP 200; image/jpeg; 455710 bytes.,2026-10-01T10:38:35.404Z
ongoing-project-images,ongoing_projects/1784994005706_1000128517.jpg,compressed-verified,6834900,769390,HTTP 200; image/jpeg; 769390 bytes.,2026-10-01T10:38:46.659Z
ongoing-project-images,ongoing_projects/1784994005708_1000128518.jpg,compressed-verified,6360542,665331,HTTP 200; image/jpeg; 665331 bytes.,2026-10-01T10:38:58.215Z
ongoing-project-images,ongoing_projects/1784994005708_1000128520.jpg,compressed-verified,4341011,469293,HTTP 200; image/jpeg; 469293 bytes.,2026-10-01T10:39:06.166Z
ongoing-project-images,ongoing_projects/1784994005708_1000128521.jpg,compressed-verified,4186511,480781,HTTP 200; image/jpeg; 480781 bytes.,2026-10-01T10:39:13.960Z
ongoing-project-images,ongoing_projects/1784994005708_1000128522.jpg,compressed-verified,3277188,368566,HTTP 200; image/jpeg; 368566 bytes.,2026-10-01T10:39:20.902Z
ongoing-project-images,ongoing_projects/1784994005708_1000128523.jpg,compressed-verified,3868977,426842,HTTP 200; image/jpeg; 426842 bytes.,2026-10-01T10:39:26.740Z
ongoing-project-images,ongoing_projects/1784994005708_1000128524.jpg,compressed-verified,3767914,465233,HTTP 200; image/jpeg; 465233 bytes.,2026-10-01T10:39:33.670Z
ongoing-project-images,ongoing_projects/1784994005708_1000128525.jpg,compressed-verified,3894942,326287,HTTP 200; image/jpeg; 326287 bytes.,2026-10-01T10:39:39.149Z
ongoing-project-images,ongoing_projects/1784994005708_1000128532.jpg,compressed-verified,4163539,425733,HTTP 200; image/jpeg; 425733 bytes.,2026-10-01T10:39:45.031Z
ongoing-project-images,ongoing_projects/1784994005708_1000128538.jpg,compressed-verified,5260605,639116,HTTP 200; image/jpeg; 639116 bytes.,2026-10-01T10:39:53.343Z
ongoing-project-images,ongoing_projects/1784994005708_1000128555.jpg,compressed-verified,6198802,641394,HTTP 200; image/jpeg; 641394 bytes.,2026-10-01T10:40:01.720Z
ongoing-project-images,ongoing_projects/1784994005708_1000128556.jpg,compressed-verified,5835501,561529,HTTP 200; image/jpeg; 561529 bytes.,2026-10-01T10:40:11.790Z
property-images,properties/7f484187-c897-43a5-8cf9-893f5f91baf3/luxury_contemporary_residence_1.jpg,compressed-verified,5557561,557318,HTTP 200; image/jpeg; 557318 bytes.,2026-10-01T10:49:02.828Z
property-images,properties/7f484187-c897-43a5-8cf9-893f5f91baf3/luxury_contemporary_residence_10.jpg,compressed-verified,4261741,348573,HTTP 200; image/jpeg; 348573 bytes.,2026-10-01T10:49:13.094Z
property-images,properties/7f484187-c897-43a5-8cf9-893f5f91baf3/luxury_contemporary_residence_11.jpg,compressed-verified,2311076,184027,HTTP 200; image/jpeg; 184027 bytes.,2026-10-01T10:49:18.140Z
property-images,properties/7f484187-c897-43a5-8cf9-893f5f91baf3/luxury_contemporary_residence_12.jpg,compressed-verified,2767162,346110,HTTP 200; image/jpeg; 346110 bytes.,2026-10-01T10:49:22.112Z
property-images,properties/7f484187-c897-43a5-8cf9-893f5f91baf3/luxury_contemporary_residence_13.jpg,compressed-verified,2565063,116905,HTTP 200; image/jpeg; 116905 bytes.,2026-10-01T10:49:26.227Z
property-images,properties/7f484187-c897-43a5-8cf9-893f5f91baf3/luxury_contemporary_residence_14.jpg,compressed-verified,2405252,99545,HTTP 200; image/jpeg; 99545 bytes.,2026-10-01T10:49:30.235Z
property-images,properties/7f484187-c897-43a5-8cf9-893f5f91baf3/luxury_contemporary_residence_15.jpg,compressed-verified,3893553,362721,HTTP 200; image/jpeg; 362721 bytes.,2026-10-01T10:49:33.584Z
property-images,properties/7f484187-c897-43a5-8cf9-893f5f91baf3/luxury_contemporary_residence_16.jpg,compressed-verified,3294667,191724,HTTP 200; image/jpeg; 191724 bytes.,2026-10-01T10:49:38.199Z
property-images,properties/7f484187-c897-43a5-8cf9-893f5f91baf3/luxury_contemporary_residence_17.jpg,compressed-verified,3053359,179370,HTTP 200; image/jpeg; 179370 bytes.,2026-10-01T10:49:42.782Z
property-images,properties/7f484187-c897-43a5-8cf9-893f5f91baf3/luxury_contemporary_residence_18.jpg,compressed-verified,2589947,91478,HTTP 200; image/jpeg; 91478 bytes.,2026-10-01T10:49:47.144Z
property-images,properties/7f484187-c897-43a5-8cf9-893f5f91baf3/luxury_contemporary_residence_19.jpg,compressed-verified,2465922,95383,HTTP 200; image/jpeg; 95383 bytes.,2026-10-01T10:49:49.927Z
property-images,properties/7f484187-c897-43a5-8cf9-893f5f91baf3/luxury_contemporary_residence_2.jpg,compressed-verified,3819496,324609,HTTP 200; image/jpeg; 324609 bytes.,2026-10-01T10:49:53.596Z
property-images,properties/7f484187-c897-43a5-8cf9-893f5f91baf3/luxury_contemporary_residence_20.jpg,compressed-verified,2408522,100336,HTTP 200; image/jpeg; 100336 bytes.,2026-10-01T10:49:57.510Z
property-images,properties/7f484187-c897-43a5-8cf9-893f5f91baf3/luxury_contemporary_residence_21.jpg,compressed-verified,2442533,137059,HTTP 200; image/jpeg; 137059 bytes.,2026-10-01T10:50:01.662Z
property-images,properties/7f484187-c897-43a5-8cf9-893f5f91baf3/luxury_contemporary_residence_22.jpg,compressed-verified,2479962,143042,HTTP 200; image/jpeg; 143042 bytes.,2026-10-01T10:50:06.210Z
property-images,properties/7f484187-c897-43a5-8cf9-893f5f91baf3/luxury_contemporary_residence_23.jpg,compressed-verified,2786563,159049,HTTP 200; image/jpeg; 159049 bytes.,2026-10-01T10:50:09.781Z
property-images,properties/7f484187-c897-43a5-8cf9-893f5f91baf3/luxury_contemporary_residence_24.jpg,compressed-verified,4335297,243215,HTTP 200; image/jpeg; 243215 bytes.,2026-10-01T10:50:14.095Z
property-images,properties/7f484187-c897-43a5-8cf9-893f5f91baf3/luxury_contemporary_residence_25.jpg,compressed-verified,5358707,560605,HTTP 200; image/jpeg; 560605 bytes.,2026-10-01T10:50:19.541Z
property-images,properties/7f484187-c897-43a5-8cf9-893f5f91baf3/luxury_contemporary_residence_26.jpg,compressed-verified,3105251,251858,HTTP 200; image/jpeg; 251858 bytes.,2026-10-01T10:50:25.804Z
property-images,properties/7f484187-c897-43a5-8cf9-893f5f91baf3/luxury_contemporary_residence_27.jpg,compressed-verified,5474036,460453,HTTP 200; image/jpeg; 460453 bytes.,2026-10-01T10:50:30.969Z
property-images,properties/7f484187-c897-43a5-8cf9-893f5f91baf3/luxury_contemporary_residence_3.jpg,compressed-verified,2496012,192325,HTTP 200; image/jpeg; 192325 bytes.,2026-10-01T10:50:37.089Z
property-images,properties/7f484187-c897-43a5-8cf9-893f5f91baf3/luxury_contemporary_residence_4.jpg,compressed-verified,4551408,344225,HTTP 200; image/jpeg; 344225 bytes.,2026-10-01T10:50:41.409Z
property-images,properties/7f484187-c897-43a5-8cf9-893f5f91baf3/luxury_contemporary_residence_5.jpg,compressed-verified,3999221,464651,HTTP 200; image/jpeg; 464651 bytes.,2026-10-01T10:50:46.893Z
property-images,properties/7f484187-c897-43a5-8cf9-893f5f91baf3/luxury_contemporary_residence_6.jpg,compressed-verified,5344881,525838,HTTP 200; image/jpeg; 525838 bytes.,2026-10-01T10:50:52.369Z
property-images,properties/7f484187-c897-43a5-8cf9-893f5f91baf3/luxury_contemporary_residence_7.jpg,compressed-verified,3201838,196693,HTTP 200; image/jpeg; 196693 bytes.,2026-10-01T10:50:58.356Z
property-images,properties/7f484187-c897-43a5-8cf9-893f5f91baf3/luxury_contemporary_residence_8.jpg,compressed-verified,2451678,107894,HTTP 200; image/jpeg; 107894 bytes.,2026-10-01T10:51:02.489Z
property-images,properties/7f484187-c897-43a5-8cf9-893f5f91baf3/luxury_contemporary_residence_9.jpg,compressed-verified,2683156,105088,HTTP 200; image/jpeg; 105088 bytes.,2026-10-01T10:51:06.525Z
property-images,properties/a13997fd-83a6-479a-b817-2d3a67765921/exclusive_5_bedroom_fully_detached_luxury_duplex_1.jpg,compressed-verified,5817011,515890,HTTP 200; image/jpeg; 515890 bytes.,2026-10-01T10:51:10.675Z
property-images,properties/a13997fd-83a6-479a-b817-2d3a67765921/exclusive_5_bedroom_fully_detached_luxury_duplex_10.jpg,compressed-verified,7185854,885987,HTTP 200; image/jpeg; 885987 bytes.,2026-10-01T10:51:15.921Z
property-images,properties/a13997fd-83a6-479a-b817-2d3a67765921/exclusive_5_bedroom_fully_detached_luxury_duplex_11.jpg,compressed-verified,3493369,187966,HTTP 200; image/jpeg; 187966 bytes.,2026-10-01T10:51:24.366Z
property-images,properties/a13997fd-83a6-479a-b817-2d3a67765921/exclusive_5_bedroom_fully_detached_luxury_duplex_12.jpg,compressed-verified,2383154,114908,HTTP 200; image/jpeg; 114908 bytes.,2026-10-01T10:51:29.072Z
property-images,properties/a13997fd-83a6-479a-b817-2d3a67765921/exclusive_5_bedroom_fully_detached_luxury_duplex_13.jpg,compressed-verified,2375893,83805,HTTP 200; image/jpeg; 83805 bytes.,2026-10-01T10:51:31.949Z
property-images,properties/a13997fd-83a6-479a-b817-2d3a67765921/exclusive_5_bedroom_fully_detached_luxury_duplex_14.jpg,compressed-verified,2797048,126173,HTTP 200; image/jpeg; 126173 bytes.,2026-10-01T10:51:36.289Z
property-images,properties/a13997fd-83a6-479a-b817-2d3a67765921/exclusive_5_bedroom_fully_detached_luxury_duplex_15.jpg,compressed-verified,2522910,92198,HTTP 200; image/jpeg; 92198 bytes.,2026-10-01T10:51:39.801Z
property-images,properties/a13997fd-83a6-479a-b817-2d3a67765921/exclusive_5_bedroom_fully_detached_luxury_duplex_16.jpg,compressed-verified,2615095,97099,HTTP 200; image/jpeg; 97099 bytes.,2026-10-01T10:51:43.129Z
property-images,properties/a13997fd-83a6-479a-b817-2d3a67765921/exclusive_5_bedroom_fully_detached_luxury_duplex_17.jpg,compressed-verified,4116687,273845,HTTP 200; image/jpeg; 273845 bytes.,2026-10-01T10:51:47.312Z
property-images,properties/a13997fd-83a6-479a-b817-2d3a67765921/exclusive_5_bedroom_fully_detached_luxury_duplex_18.jpg,compressed-verified,3528720,188909,HTTP 200; image/jpeg; 188909 bytes.,2026-10-01T10:51:50.660Z
property-images,properties/a13997fd-83a6-479a-b817-2d3a67765921/exclusive_5_bedroom_fully_detached_luxury_duplex_2.jpg,compressed-verified,3919575,276189,HTTP 200; image/jpeg; 276189 bytes.,2026-10-01T10:51:55.241Z
property-images,properties/a13997fd-83a6-479a-b817-2d3a67765921/exclusive_5_bedroom_fully_detached_luxury_duplex_3.jpg,compressed-verified,3433931,220596,HTTP 200; image/jpeg; 220596 bytes.,2026-10-01T10:52:00.612Z
property-images,properties/a13997fd-83a6-479a-b817-2d3a67765921/exclusive_5_bedroom_fully_detached_luxury_duplex_4.jpg,compressed-verified,5582783,495080,HTTP 200; image/jpeg; 495080 bytes.,2026-10-01T10:52:04.992Z
property-images,properties/a13997fd-83a6-479a-b817-2d3a67765921/exclusive_5_bedroom_fully_detached_luxury_duplex_5.jpg,compressed-verified,2939369,199023,HTTP 200; image/jpeg; 199023 bytes.,2026-10-01T10:52:11.914Z
property-images,properties/a13997fd-83a6-479a-b817-2d3a67765921/exclusive_5_bedroom_fully_detached_luxury_duplex_6.jpg,compressed-verified,5817011,515890,HTTP 200; image/jpeg; 515890 bytes.,2026-10-01T10:52:15.406Z
property-images,properties/a13997fd-83a6-479a-b817-2d3a67765921/exclusive_5_bedroom_fully_detached_luxury_duplex_7.jpg,compressed-verified,2456188,94017,HTTP 200; image/jpeg; 94017 bytes.,2026-10-01T10:52:22.369Z
property-images,properties/a13997fd-83a6-479a-b817-2d3a67765921/exclusive_5_bedroom_fully_detached_luxury_duplex_8.jpg,compressed-verified,4018664,249244,HTTP 200; image/jpeg; 249244 bytes.,2026-10-01T10:52:26.000Z
property-images,properties/a13997fd-83a6-479a-b817-2d3a67765921/exclusive_5_bedroom_fully_detached_luxury_duplex_9.jpg,compressed-verified,4672338,370348,HTTP 200; image/jpeg; 370348 bytes.,2026-10-01T10:52:30.712Z
property-images,submissions/1786228966868-wy4bemqqm7m.jpeg,compressed-verified,4162055,396251,HTTP 200; image/jpeg; 396251 bytes.,2026-10-01T10:52:38.046Z
property-images,submissions/1786228966871-0u0ubkie5ff.jpeg,compressed-verified,4527588,473831,HTTP 200; image/jpeg; 473831 bytes.,2026-10-01T10:52:42.211Z
property-images,submissions/1786228966871-39n5utrfaas.jpeg,compressed-verified,4185291,424218,HTTP 200; image/jpeg; 424218 bytes.,2026-10-01T10:52:48.200Z
property-images,submissions/1786228966871-3n30lsyzmw7.jpeg,compressed-verified,4300387,514226,HTTP 200; image/jpeg; 514226 bytes.,2026-10-01T10:52:53.312Z
property-images,submissions/1786228966871-49fcq4bylpr.jpeg,compressed-verified,2983818,267101,HTTP 200; image/jpeg; 267101 bytes.,2026-10-01T10:52:58.738Z
property-images,submissions/1786228966871-ffkmzjqkfhw.jpeg,compressed-verified,4726475,518084,HTTP 200; image/jpeg; 518084 bytes.,2026-10-01T10:53:03.572Z
property-images,submissions/1786228966871-zv4lqprelh9.jpeg,compressed-verified,4355030,464730,HTTP 200; image/jpeg; 464730 bytes.,2026-10-01T10:53:08.374Z
property-images,submissions/1786228966872-92akgxcjz5b.jpeg,compressed-verified,4937302,509709,HTTP 200; image/jpeg; 509709 bytes.,2026-10-01T10:53:13.950Z
property-images,submissions/1786228966872-hd6q6gqz8jj.jpeg,compressed-verified,5202674,892219,HTTP 200; image/jpeg; 892219 bytes.,2026-10-01T10:53:19.818Z
