bucket,path,size,sha256,reason
property-images,properties/1782419164772_0697783ec05569-5-bedroom-fully-detached-with-bq-detached-duplexes-for-sale-osapa-lekki-lagos.jpg,8382,fc5b56e86b0cf0dfdb9845e7e7e97270019677e411e10b5ad93aa6edb31987df,Hash-matched property-image outside Tier 1 allowlist
property-images,properties/1782419164772_0697783fc1e4ba-5-bedroom-fully-detached-with-bq-detached-duplexes-for-sale-osapa-lekki-lagos.jpg,10955,cebe9631d285c7d9584a58c08bff68de01a1127374b743dcfa724f82c292b348,Hash-matched property-image outside Tier 1 allowlist
property-images,properties/1782419164772_06977842ee85a0-5-bedroom-fully-detached-with-bq-detached-duplexes-for-sale-osapa-lekki-lagos.jpg,9452,5b8f509a2249766dd7ddfb125cb88d48bf18cfe046875336d00b5294f00de7d8,Hash-matched property-image outside Tier 1 allowlist
property-images,properties/1782419164772_0697784c83f80e-5-bedroom-fully-detached-with-bq-detached-duplexes-for-sale-osapa-lekki-lagos.jpg,62890,2c97a9aec2053561beecd227ef873570ed1968421684f478d73f004fda5bdfaf,Hash-matched property-image outside Tier 1 allowlist
property-images,properties/1782419164772_0697784e3cc3b6-5-bedroom-fully-detached-with-bq-detached-duplexes-for-sale-osapa-lekki-lagos.jpg,73377,9c44a81d1505b116c380a377651813e3316e95febae3dd312ef5a73b9f2fd436,Hash-matched property-image outside Tier 1 allowlist
property-images,properties/1785592540783_photo_6012722909396274920_y.jpg,96449,fa244325733ac38d0aa0b35ad4e85da253695cbbeb5825d5f167196296707396,Hash-matched property-image outside Tier 1 allowlist
property-images,properties/1785592540783_photo_6012722909396274921_y.jpg,174108,ce0e3f6f5ff7931fd331b4e8544c09305b018f603ffdaf4be97c8305e0a3903f,Hash-matched property-image outside Tier 1 allowlist
property-images,properties/1785592540784_photo_6012722909396274922_y.jpg,96202,92545c24271bd84e441c7846affa78a289d976b1f191dbe4f19dd8793b0d240b,Hash-matched property-image outside Tier 1 allowlist
property-images,properties/1785592540784_photo_6012722909396274923_y.jpg,107254,065b66778103eaf4eabfeb9ef9b03cf6dbcb855527e5011823f7b3bcb2697bc7,Hash-matched property-image outside Tier 1 allowlist
property-images,properties/1785592540784_photo_6012722909396274924_y.jpg,106194,f0b1d08761d22bef567c81449721f8d8e36293b7334a6dce25da87943aeea46a,Hash-matched property-image outside Tier 1 allowlist
property-images,properties/1785592540784_photo_6012722909396274925_y.jpg,114932,f5fd16cfa97ebbbbe52795fc0fe88ff5ad3365a6943def3ff561395f0eb96703,Hash-matched property-image outside Tier 1 allowlist
property-images,properties/1785592540784_photo_6012722909396274926_y.jpg,127283,0787dfd39b46550b80a6ee016d6b29b2a029ff2d1fead8370066172d3705d70f,Hash-matched property-image outside Tier 1 allowlist
property-images,properties/1785592540784_photo_6012722909396274927_y.jpg,89124,4480a9a0be74c82e5d570b6596069e155bd5d80ae2c728b1f817f581d8fa81cd,Hash-matched property-image outside Tier 1 allowlist
property-images,properties/1785592555090_photo_6012722909396274920_y.jpg,96449,fa244325733ac38d0aa0b35ad4e85da253695cbbeb5825d5f167196296707396,Hash-matched property-image outside Tier 1 allowlist
property-images,properties/1785592555090_photo_6012722909396274921_y.jpg,174108,ce0e3f6f5ff7931fd331b4e8544c09305b018f603ffdaf4be97c8305e0a3903f,Hash-matched property-image outside Tier 1 allowlist
property-images,properties/1785592555090_photo_6012722909396274922_y.jpg,96202,92545c24271bd84e441c7846affa78a289d976b1f191dbe4f19dd8793b0d240b,Hash-matched property-image outside Tier 1 allowlist
property-images,properties/1785592555090_photo_6012722909396274923_y.jpg,107254,065b66778103eaf4eabfeb9ef9b03cf6dbcb855527e5011823f7b3bcb2697bc7,Hash-matched property-image outside Tier 1 allowlist
property-images,properties/1785592555090_photo_6012722909396274924_y.jpg,106194,f0b1d08761d22bef567c81449721f8d8e36293b7334a6dce25da87943aeea46a,Hash-matched property-image outside Tier 1 allowlist
property-images,properties/1785592555090_photo_6012722909396274925_y.jpg,114932,f5fd16cfa97ebbbbe52795fc0fe88ff5ad3365a6943def3ff561395f0eb96703,Hash-matched property-image outside Tier 1 allowlist
property-images,properties/1785592555090_photo_6012722909396274926_y.jpg,127283,0787dfd39b46550b80a6ee016d6b29b2a029ff2d1fead8370066172d3705d70f,Hash-matched property-image outside Tier 1 allowlist
property-images,properties/1785592555090_photo_6012722909396274927_y.jpg,89124,4480a9a0be74c82e5d570b6596069e155bd5d80ae2c728b1f817f581d8fa81cd,Hash-matched property-image outside Tier 1 allowlist
property-images,properties/1785841543290_photo_6019418351093878215_y.jpg,37919,787938770d0f56982bfe83d2919dc13415268bdedd90f75e13c8e8b5e2777cc8,Hash-matched property-image outside Tier 1 allowlist
property-images,properties/1785841543294_photo_6019418351093878216_y.jpg,51572,ab666410292969ba594f98616d63831335f99ae90be54e56504dddb836a1ea72,Hash-matched property-image outside Tier 1 allowlist
property-images,properties/1785841543295_photo_6019418351093878217_y.jpg,52084,7f4bbee25c90e2c044670f6859e04479dc498a9d052a1104ff65b767d313f55a,Hash-matched property-image outside Tier 1 allowlist
property-images,properties/1785841543295_photo_6019418351093878218_y.jpg,20863,3f7c7c6a72b432f086f9800f65f1c70b57a477490a0d9b9f0c81004d3a55d01d,Hash-matched property-image outside Tier 1 allowlist
property-images,properties/1785841543295_photo_6019418351093878219_y.jpg,35199,4e9ab4068d150cb1fca6bb10a230583198ec123c852230861a9a46d8b0810ea1,Hash-matched property-image outside Tier 1 allowlist
property-images,properties/1785841543295_photo_6019418351093878220_y.jpg,40212,254ae14a4c05db5dc93bb488837723e565804d29939cc8f487da87a76aed593d,Hash-matched property-image outside Tier 1 allowlist
property-images,properties/1785841543296_photo_6019418351093878221_y.jpg,27669,370daddb8d3ab341940dc9a6ae1ac69b6cbffd119f54122329b17c7481158de0,Hash-matched property-image outside Tier 1 allowlist
property-images,properties/1785841543296_photo_6019418351093878222_y.jpg,30981,043b9bdd928d9658247b063ea57af08d2bb86dcea0d4e1d818293fd3013b8ddd,Hash-matched property-image outside Tier 1 allowlist
property-images,properties/1785841543296_photo_6019418351093878223_y.jpg,47591,7266db22819dd540c5cf7aa70e25c4e11dcd41b5b59d3e4644987ec16b6ad3d8,Hash-matched property-image outside Tier 1 allowlist
property-images,properties/1785841739642_photo_6019418351093878215_y.jpg,37919,787938770d0f56982bfe83d2919dc13415268bdedd90f75e13c8e8b5e2777cc8,Hash-matched property-image outside Tier 1 allowlist
property-images,properties/1785841739643_photo_6019418351093878216_y.jpg,51572,ab666410292969ba594f98616d63831335f99ae90be54e56504dddb836a1ea72,Hash-matched property-image outside Tier 1 allowlist
property-images,properties/1785841739643_photo_6019418351093878217_y.jpg,52084,7f4bbee25c90e2c044670f6859e04479dc498a9d052a1104ff65b767d313f55a,Hash-matched property-image outside Tier 1 allowlist
property-images,properties/1785841739643_photo_6019418351093878218_y.jpg,20863,3f7c7c6a72b432f086f9800f65f1c70b57a477490a0d9b9f0c81004d3a55d01d,Hash-matched property-image outside Tier 1 allowlist
property-images,properties/1785841739643_photo_6019418351093878219_y.jpg,35199,4e9ab4068d150cb1fca6bb10a230583198ec123c852230861a9a46d8b0810ea1,Hash-matched property-image outside Tier 1 allowlist
property-images,properties/1785841739643_photo_6019418351093878220_y.jpg,40212,254ae14a4c05db5dc93bb488837723e565804d29939cc8f487da87a76aed593d,Hash-matched property-image outside Tier 1 allowlist
property-images,properties/1785841739643_photo_6019418351093878221_y.jpg,27669,370daddb8d3ab341940dc9a6ae1ac69b6cbffd119f54122329b17c7481158de0,Hash-matched property-image outside Tier 1 allowlist
property-images,properties/1785841739643_photo_6019418351093878222_y.jpg,30981,043b9bdd928d9658247b063ea57af08d2bb86dcea0d4e1d818293fd3013b8ddd,Hash-matched property-image outside Tier 1 allowlist
property-images,properties/1785841739643_photo_6019418351093878223_y.jpg,47591,7266db22819dd540c5cf7aa70e25c4e11dcd41b5b59d3e4644987ec16b6ad3d8,Hash-matched property-image outside Tier 1 allowlist
property-images,properties/1785844017147_photo_6019418351093878215_y.jpg,37919,787938770d0f56982bfe83d2919dc13415268bdedd90f75e13c8e8b5e2777cc8,Hash-matched property-image outside Tier 1 allowlist
property-images,properties/1785844017147_photo_6019418351093878216_y.jpg,51572,ab666410292969ba594f98616d63831335f99ae90be54e56504dddb836a1ea72,Hash-matched property-image outside Tier 1 allowlist
property-images,properties/1785844017147_photo_6019418351093878217_y.jpg,52084,7f4bbee25c90e2c044670f6859e04479dc498a9d052a1104ff65b767d313f55a,Hash-matched property-image outside Tier 1 allowlist
property-images,properties/1785844017147_photo_6019418351093878218_y.jpg,20863,3f7c7c6a72b432f086f9800f65f1c70b57a477490a0d9b9f0c81004d3a55d01d,Hash-matched property-image outside Tier 1 allowlist
property-images,properties/1785844017147_photo_6019418351093878219_y.jpg,35199,4e9ab4068d150cb1fca6bb10a230583198ec123c852230861a9a46d8b0810ea1,Hash-matched property-image outside Tier 1 allowlist
property-images,properties/1785844017147_photo_6019418351093878220_y.jpg,40212,254ae14a4c05db5dc93bb488837723e565804d29939cc8f487da87a76aed593d,Hash-matched property-image outside Tier 1 allowlist
property-images,properties/1785844017147_photo_6019418351093878221_y.jpg,27669,370daddb8d3ab341940dc9a6ae1ac69b6cbffd119f54122329b17c7481158de0,Hash-matched property-image outside Tier 1 allowlist
property-images,properties/1785844017147_photo_6019418351093878222_y.jpg,30981,043b9bdd928d9658247b063ea57af08d2bb86dcea0d4e1d818293fd3013b8ddd,Hash-matched property-image outside Tier 1 allowlist
property-images,properties/1785844017148_photo_6019418351093878223_y.jpg,47591,7266db22819dd540c5cf7aa70e25c4e11dcd41b5b59d3e4644987ec16b6ad3d8,Hash-matched property-image outside Tier 1 allowlist
property-images,properties/1787426861788_WhatsApp Image 2026-08-21 at 3.02.01 PM (1).jpeg,19116,0fb21b6dfee631a18970cf2921f604e1aeef202fe5f8750198626eb5f6a5256d,Hash-matched property-image outside Tier 1 allowlist
property-images,properties/1787426861792_WhatsApp Image 2026-08-21 at 3.01.52 PM.jpeg,22384,abc3c7caa606c8e6897c1aeda6adccc305e1b48388d123641997fe0de37cd006,Hash-matched property-image outside Tier 1 allowlist
property-images,properties/1787426861792_WhatsApp Image 2026-08-21 at 3.01.53 PM.jpeg,49704,247fc4675aae039b870f5c0b068a84411157ed7cafb18a7312a55e24c6b0a6b1,Hash-matched property-image outside Tier 1 allowlist
property-images,properties/1787426861792_WhatsApp Image 2026-08-21 at 3.01.55 PM.jpeg,29785,f074d723d93ba4b77ef21d4c3c88de4762cd3f5a8210b79494984e4f3c23012f,Hash-matched property-image outside Tier 1 allowlist
property-images,properties/1787426861792_WhatsApp Image 2026-08-21 at 3.01.56 PM.jpeg,26402,5ba0e9eaf63f8ae7d8599bf30f93cb7f5b948c7fe84911f8a66ac489afd0573d,Hash-matched property-image outside Tier 1 allowlist
property-images,properties/1787426861792_WhatsApp Image 2026-08-21 at 3.01.58 PM.jpeg,26954,a4005745e14a52018712cd3f092a082af55897d3250487665c1f2a781bb890e9,Hash-matched property-image outside Tier 1 allowlist
property-images,properties/1787426861792_WhatsApp Image 2026-08-21 at 3.02.01 PM.jpeg,26778,8093930282a13389f05a790951d0dfb9af63675971d3cc4076a1df82639f9190,Hash-matched property-image outside Tier 1 allowlist
property-images,properties/1787426861793_WhatsApp Image 2026-08-21 at 3.01.40 PM.jpeg,72927,9e16af329fb77b883647c1774dba3031e5066e5ddfc33e36d2f15f160d416ab4,Hash-matched property-image outside Tier 1 allowlist
property-images,properties/1787426861793_WhatsApp Image 2026-08-21 at 3.01.41 PM.jpeg,72927,9e16af329fb77b883647c1774dba3031e5066e5ddfc33e36d2f15f160d416ab4,Hash-matched property-image outside Tier 1 allowlist
property-images,properties/1787426861793_WhatsApp Image 2026-08-21 at 3.01.42 PM.jpeg,41221,42db31ce901ccd45c09f6685592ebd6daa54d2dd64c89c5166eebe002188aea2,Hash-matched property-image outside Tier 1 allowlist
property-images,properties/1787426861793_WhatsApp Image 2026-08-21 at 3.01.44 PM.jpeg,35559,a9271bab81660a70bdee6d6dafac59d04666389dc67b5e03aa1117c33e341659,Hash-matched property-image outside Tier 1 allowlist
property-images,properties/1787426861793_WhatsApp Image 2026-08-21 at 3.01.47 PM (1).jpeg,47947,aa86b5b7ecd149fe809d7333bfe9cfb32901c8f7df9fec16d03f3d16b4c94467,Hash-matched property-image outside Tier 1 allowlist
property-images,properties/1787426861793_WhatsApp Image 2026-08-21 at 3.01.47 PM.jpeg,79581,be66a57ebe79e92f1f7dcc6758dc17e976c2106dd77944e7c70afbcc11d5dd02,Hash-matched property-image outside Tier 1 allowlist
property-images,properties/1787426861793_WhatsApp Image 2026-08-21 at 3.01.50 PM.jpeg,23646,69485b2269e03cdcd8dae1489ac2dd5d73555f2f76f1bec20a4aa3f17f75c720,Hash-matched property-image outside Tier 1 allowlist
property-images,properties/1787426904074_WhatsApp Image 2026-08-21 at 3.02.01 PM (1).jpeg,19116,0fb21b6dfee631a18970cf2921f604e1aeef202fe5f8750198626eb5f6a5256d,Hash-matched property-image outside Tier 1 allowlist
property-images,properties/1787426904075_WhatsApp Image 2026-08-21 at 3.01.47 PM (1).jpeg,47947,aa86b5b7ecd149fe809d7333bfe9cfb32901c8f7df9fec16d03f3d16b4c94467,Hash-matched property-image outside Tier 1 allowlist
property-images,properties/1787426904075_WhatsApp Image 2026-08-21 at 3.01.47 PM.jpeg,79581,be66a57ebe79e92f1f7dcc6758dc17e976c2106dd77944e7c70afbcc11d5dd02,Hash-matched property-image outside Tier 1 allowlist
property-images,properties/1787426904075_WhatsApp Image 2026-08-21 at 3.01.50 PM.jpeg,23646,69485b2269e03cdcd8dae1489ac2dd5d73555f2f76f1bec20a4aa3f17f75c720,Hash-matched property-image outside Tier 1 allowlist
property-images,properties/1787426904075_WhatsApp Image 2026-08-21 at 3.01.52 PM.jpeg,22384,abc3c7caa606c8e6897c1aeda6adccc305e1b48388d123641997fe0de37cd006,Hash-matched property-image outside Tier 1 allowlist
property-images,properties/1787426904075_WhatsApp Image 2026-08-21 at 3.01.53 PM.jpeg,49704,247fc4675aae039b870f5c0b068a84411157ed7cafb18a7312a55e24c6b0a6b1,Hash-matched property-image outside Tier 1 allowlist
property-images,properties/1787426904075_WhatsApp Image 2026-08-21 at 3.01.55 PM.jpeg,29785,f074d723d93ba4b77ef21d4c3c88de4762cd3f5a8210b79494984e4f3c23012f,Hash-matched property-image outside Tier 1 allowlist
property-images,properties/1787426904075_WhatsApp Image 2026-08-21 at 3.01.56 PM.jpeg,26402,5ba0e9eaf63f8ae7d8599bf30f93cb7f5b948c7fe84911f8a66ac489afd0573d,Hash-matched property-image outside Tier 1 allowlist
property-images,properties/1787426904075_WhatsApp Image 2026-08-21 at 3.01.58 PM.jpeg,26954,a4005745e14a52018712cd3f092a082af55897d3250487665c1f2a781bb890e9,Hash-matched property-image outside Tier 1 allowlist
property-images,properties/1787426904075_WhatsApp Image 2026-08-21 at 3.02.01 PM.jpeg,26778,8093930282a13389f05a790951d0dfb9af63675971d3cc4076a1df82639f9190,Hash-matched property-image outside Tier 1 allowlist
property-images,properties/1787426904076_WhatsApp Image 2026-08-21 at 3.01.42 PM.jpeg,41221,42db31ce901ccd45c09f6685592ebd6daa54d2dd64c89c5166eebe002188aea2,Hash-matched property-image outside Tier 1 allowlist
property-images,properties/1787426904076_WhatsApp Image 2026-08-21 at 3.01.44 PM.jpeg,35559,a9271bab81660a70bdee6d6dafac59d04666389dc67b5e03aa1117c33e341659,Hash-matched property-image outside Tier 1 allowlist
property-images,properties/1787426909871_WhatsApp Image 2026-08-21 at 3.01.42 PM.jpeg,41221,42db31ce901ccd45c09f6685592ebd6daa54d2dd64c89c5166eebe002188aea2,Hash-matched property-image outside Tier 1 allowlist
property-images,properties/1787426909871_WhatsApp Image 2026-08-21 at 3.01.44 PM.jpeg,35559,a9271bab81660a70bdee6d6dafac59d04666389dc67b5e03aa1117c33e341659,Hash-matched property-image outside Tier 1 allowlist
property-images,properties/1787426909871_WhatsApp Image 2026-08-21 at 3.01.47 PM (1).jpeg,47947,aa86b5b7ecd149fe809d7333bfe9cfb32901c8f7df9fec16d03f3d16b4c94467,Hash-matched property-image outside Tier 1 allowlist
property-images,properties/1787426909871_WhatsApp Image 2026-08-21 at 3.01.47 PM.jpeg,79581,be66a57ebe79e92f1f7dcc6758dc17e976c2106dd77944e7c70afbcc11d5dd02,Hash-matched property-image outside Tier 1 allowlist
property-images,properties/1787426909871_WhatsApp Image 2026-08-21 at 3.01.50 PM.jpeg,23646,69485b2269e03cdcd8dae1489ac2dd5d73555f2f76f1bec20a4aa3f17f75c720,Hash-matched property-image outside Tier 1 allowlist
property-images,properties/1787426909871_WhatsApp Image 2026-08-21 at 3.01.52 PM.jpeg,22384,abc3c7caa606c8e6897c1aeda6adccc305e1b48388d123641997fe0de37cd006,Hash-matched property-image outside Tier 1 allowlist
property-images,properties/1787426909871_WhatsApp Image 2026-08-21 at 3.01.53 PM.jpeg,49704,247fc4675aae039b870f5c0b068a84411157ed7cafb18a7312a55e24c6b0a6b1,Hash-matched property-image outside Tier 1 allowlist
property-images,properties/1787426909871_WhatsApp Image 2026-08-21 at 3.01.55 PM.jpeg,29785,f074d723d93ba4b77ef21d4c3c88de4762cd3f5a8210b79494984e4f3c23012f,Hash-matched property-image outside Tier 1 allowlist
property-images,properties/1787426909871_WhatsApp Image 2026-08-21 at 3.01.56 PM.jpeg,26402,5ba0e9eaf63f8ae7d8599bf30f93cb7f5b948c7fe84911f8a66ac489afd0573d,Hash-matched property-image outside Tier 1 allowlist
property-images,properties/1787426909871_WhatsApp Image 2026-08-21 at 3.01.58 PM.jpeg,26954,a4005745e14a52018712cd3f092a082af55897d3250487665c1f2a781bb890e9,Hash-matched property-image outside Tier 1 allowlist
property-images,properties/1787426909871_WhatsApp Image 2026-08-21 at 3.02.01 PM (1).jpeg,19116,0fb21b6dfee631a18970cf2921f604e1aeef202fe5f8750198626eb5f6a5256d,Hash-matched property-image outside Tier 1 allowlist
property-images,properties/1787426909871_WhatsApp Image 2026-08-21 at 3.02.01 PM.jpeg,26778,8093930282a13389f05a790951d0dfb9af63675971d3cc4076a1df82639f9190,Hash-matched property-image outside Tier 1 allowlist
property-images,properties/1787426913077_WhatsApp Image 2026-08-21 at 3.01.42 PM.jpeg,41221,42db31ce901ccd45c09f6685592ebd6daa54d2dd64c89c5166eebe002188aea2,Hash-matched property-image outside Tier 1 allowlist
property-images,properties/1787426913077_WhatsApp Image 2026-08-21 at 3.01.44 PM.jpeg,35559,a9271bab81660a70bdee6d6dafac59d04666389dc67b5e03aa1117c33e341659,Hash-matched property-image outside Tier 1 allowlist
property-images,properties/1787426913077_WhatsApp Image 2026-08-21 at 3.01.47 PM (1).jpeg,47947,aa86b5b7ecd149fe809d7333bfe9cfb32901c8f7df9fec16d03f3d16b4c94467,Hash-matched property-image outside Tier 1 allowlist
property-images,properties/1787426913077_WhatsApp Image 2026-08-21 at 3.01.47 PM.jpeg,79581,be66a57ebe79e92f1f7dcc6758dc17e976c2106dd77944e7c70afbcc11d5dd02,Hash-matched property-image outside Tier 1 allowlist
property-images,properties/1787426913077_WhatsApp Image 2026-08-21 at 3.01.50 PM.jpeg,23646,69485b2269e03cdcd8dae1489ac2dd5d73555f2f76f1bec20a4aa3f17f75c720,Hash-matched property-image outside Tier 1 allowlist
property-images,properties/1787426913077_WhatsApp Image 2026-08-21 at 3.01.52 PM.jpeg,22384,abc3c7caa606c8e6897c1aeda6adccc305e1b48388d123641997fe0de37cd006,Hash-matched property-image outside Tier 1 allowlist
property-images,properties/1787426913077_WhatsApp Image 2026-08-21 at 3.01.53 PM.jpeg,49704,247fc4675aae039b870f5c0b068a84411157ed7cafb18a7312a55e24c6b0a6b1,Hash-matched property-image outside Tier 1 allowlist
property-images,properties/1787426913077_WhatsApp Image 2026-08-21 at 3.01.55 PM.jpeg,29785,f074d723d93ba4b77ef21d4c3c88de4762cd3f5a8210b79494984e4f3c23012f,Hash-matched property-image outside Tier 1 allowlist
property-images,properties/1787426913077_WhatsApp Image 2026-08-21 at 3.01.56 PM.jpeg,26402,5ba0e9eaf63f8ae7d8599bf30f93cb7f5b948c7fe84911f8a66ac489afd0573d,Hash-matched property-image outside Tier 1 allowlist
property-images,properties/1787426913077_WhatsApp Image 2026-08-21 at 3.01.58 PM.jpeg,26954,a4005745e14a52018712cd3f092a082af55897d3250487665c1f2a781bb890e9,Hash-matched property-image outside Tier 1 allowlist
property-images,properties/1787426913077_WhatsApp Image 2026-08-21 at 3.02.01 PM (1).jpeg,19116,0fb21b6dfee631a18970cf2921f604e1aeef202fe5f8750198626eb5f6a5256d,Hash-matched property-image outside Tier 1 allowlist
property-images,properties/1787426913077_WhatsApp Image 2026-08-21 at 3.02.01 PM.jpeg,26778,8093930282a13389f05a790951d0dfb9af63675971d3cc4076a1df82639f9190,Hash-matched property-image outside Tier 1 allowlist
property-images,submissions/1784425351543-q1n1xoso0pe.jpg,115632,04dfe9458f6afb05b4cd262a546ef31de0566e0815e8a11b07752514fa79a016,Hash-matched property-image outside Tier 1 allowlist
property-images,submissions/1784427291798-c103rz56cpa.jpg,75635,b046d6cb826a7f19a809664f5995881129efc64ae34d3476ce297f5bce6d4188,Hash-matched property-image outside Tier 1 allowlist
property-images,submissions/1784427291800-8jpazce3a79.jpg,58053,63a83b381713228b813cc62cf42e8405bbcae81fc0e0a76d13d03a1e7ab4dc21,Hash-matched property-image outside Tier 1 allowlist
property-images,submissions/1784427291801-68saot1mu2d.jpg,86141,007f30dcd08b17da2f335e674c373f591e73dd651e2a1ab71e9865edeba20e54,Hash-matched property-image outside Tier 1 allowlist
property-images,submissions/1784427291801-9x3r07n37eu.jpg,108243,418cba36efead527f0d4eaba403d4726a2c148d250ca0bad84f03e0c53826bf0,Hash-matched property-image outside Tier 1 allowlist
property-images,submissions/1784427291801-hc41j7huh48.jpg,90812,571b9d1d420a079dcd6f784f9b409f70114e06adcc2ec447e79a232a490ba134,Hash-matched property-image outside Tier 1 allowlist
property-images,submissions/1784427291801-k7g49rnn5e.jpg,226100,e3656fc35830e4b7b893f1cadcf03b5070b47325533cca5d91255acc5fc55d48,Hash-matched property-image outside Tier 1 allowlist
property-images,submissions/1784427291801-kylg187r6ce.jpg,88975,cd211332e09df8b0e79763c7590924a922fb217a38473896c30454950cac1913,Hash-matched property-image outside Tier 1 allowlist
property-images,submissions/1784427291801-so41g6pnlbc.jpg,181630,76962a94af5bad2e1fc21e9d2ee88a57cf46962e9b416b22d0d54ed54e7a5428,Hash-matched property-image outside Tier 1 allowlist
property-images,submissions/1784427291801-vyx1ks60x.jpg,81298,aad18b93042e965f81d13ac8838d9afc7e7185da08237c6fef9b143a923ecd3f,Hash-matched property-image outside Tier 1 allowlist
property-images,submissions/1784510642923-zzjbalke0u.jpg,101072,90a7037726399ff4c482b75c983e3c019a1f7edc596757ec5cfb21fc2bb838e5,Hash-matched property-image outside Tier 1 allowlist
