bucket,path,size,sha256,reason,canonical_kept_path,referenced,matches_referenced_path
property-images,properties/11acdd8f-78b9-4b83-96e2-54b333eb25cc/luxury_contemporary_residence_1.jpg,5557561,5904adffda4f11ccb750fbadd673597f6a3bff2198091662e2fb28b57352442a,Tier 1 explicit allowlist duplicate,property-images/properties/7f484187-c897-43a5-8cf9-893f5f91baf3/luxury_contemporary_residence_1.jpg,no,property-images/properties/7f484187-c897-43a5-8cf9-893f5f91baf3/luxury_contemporary_residence_1.jpg
property-images,properties/11acdd8f-78b9-4b83-96e2-54b333eb25cc/luxury_contemporary_residence_10.jpg,4261741,ebcf71c7dc16732bb55fc66016b4011977ab6b1866d7b1a07b4a9948580a6a5a,Tier 1 explicit allowlist duplicate,property-images/properties/7f484187-c897-43a5-8cf9-893f5f91baf3/luxury_contemporary_residence_10.jpg,no,property-images/properties/7f484187-c897-43a5-8cf9-893f5f91baf3/luxury_contemporary_residence_10.jpg
property-images,properties/11acdd8f-78b9-4b83-96e2-54b333eb25cc/luxury_contemporary_residence_11.jpg,2311076,18e5530ab489cbfa695152e078d390e8f60c870d8d3310c7420ff3625d8b53d5,Tier 1 explicit allowlist duplicate,property-images/properties/7f484187-c897-43a5-8cf9-893f5f91baf3/luxury_contemporary_residence_11.jpg,no,property-images/properties/7f484187-c897-43a5-8cf9-893f5f91baf3/luxury_contemporary_residence_11.jpg
property-images,properties/11acdd8f-78b9-4b83-96e2-54b333eb25cc/luxury_contemporary_residence_12.jpg,2767162,c28d31bba91538ae709021269c4514260a19614a8f532d179c6fa9c5d626592a,Tier 1 explicit allowlist duplicate,property-images/properties/7f484187-c897-43a5-8cf9-893f5f91baf3/luxury_contemporary_residence_12.jpg,no,property-images/properties/7f484187-c897-43a5-8cf9-893f5f91baf3/luxury_contemporary_residence_12.jpg
property-images,properties/11acdd8f-78b9-4b83-96e2-54b333eb25cc/luxury_contemporary_residence_13.jpg,2565063,cd6d7582da2303bf4d58dc12e6c7fdaed1d8d1e8440c5c78277ea5459623265e,Tier 1 explicit allowlist duplicate,property-images/properties/7f484187-c897-43a5-8cf9-893f5f91baf3/luxury_contemporary_residence_13.jpg,no,property-images/properties/7f484187-c897-43a5-8cf9-893f5f91baf3/luxury_contemporary_residence_13.jpg
property-images,properties/11acdd8f-78b9-4b83-96e2-54b333eb25cc/luxury_contemporary_residence_14.jpg,2405252,7c26e37fa7e37d12042202736af223045cc78b44b28e69b1b8793d9c109fc7ba,Tier 1 explicit allowlist duplicate,property-images/properties/7f484187-c897-43a5-8cf9-893f5f91baf3/luxury_contemporary_residence_14.jpg,no,property-images/properties/7f484187-c897-43a5-8cf9-893f5f91baf3/luxury_contemporary_residence_14.jpg
property-images,properties/11acdd8f-78b9-4b83-96e2-54b333eb25cc/luxury_contemporary_residence_15.jpg,3893553,d14bac5a6592b08f4f763bb25a072ffe1ffa3097b6aa8efe7ffa138981b20a45,Tier 1 explicit allowlist duplicate,property-images/properties/7f484187-c897-43a5-8cf9-893f5f91baf3/luxury_contemporary_residence_15.jpg,no,property-images/properties/7f484187-c897-43a5-8cf9-893f5f91baf3/luxury_contemporary_residence_15.jpg
property-images,properties/11acdd8f-78b9-4b83-96e2-54b333eb25cc/luxury_contemporary_residence_16.jpg,3294667,e27b0d12510f4f42a7111d9f7132cbcafd55be5f167aeecf0511165a6c67db97,Tier 1 explicit allowlist duplicate,property-images/properties/7f484187-c897-43a5-8cf9-893f5f91baf3/luxury_contemporary_residence_16.jpg,no,property-images/properties/7f484187-c897-43a5-8cf9-893f5f91baf3/luxury_contemporary_residence_16.jpg
property-images,properties/11acdd8f-78b9-4b83-96e2-54b333eb25cc/luxury_contemporary_residence_17.jpg,3053359,c2d28d57f7893aaf803a89c663e945543e0a21222b4cdaf34500b63ea4fa9c59,Tier 1 explicit allowlist duplicate,property-images/properties/7f484187-c897-43a5-8cf9-893f5f91baf3/luxury_contemporary_residence_17.jpg,no,property-images/properties/7f484187-c897-43a5-8cf9-893f5f91baf3/luxury_contemporary_residence_17.jpg
property-images,properties/11acdd8f-78b9-4b83-96e2-54b333eb25cc/luxury_contemporary_residence_18.jpg,2589947,12b262fa83f4ccd395e2af1342324c31086acf0e294de36cb23dbb0ce6b2874d,Tier 1 explicit allowlist duplicate,property-images/properties/7f484187-c897-43a5-8cf9-893f5f91baf3/luxury_contemporary_residence_18.jpg,no,property-images/properties/7f484187-c897-43a5-8cf9-893f5f91baf3/luxury_contemporary_residence_18.jpg
property-images,properties/11acdd8f-78b9-4b83-96e2-54b333eb25cc/luxury_contemporary_residence_19.jpg,2465922,817391ae874bbc120798a71f9a348953dcd2242e5d34a4139e8c8071d439cf39,Tier 1 explicit allowlist duplicate,property-images/properties/7f484187-c897-43a5-8cf9-893f5f91baf3/luxury_contemporary_residence_19.jpg,no,property-images/properties/7f484187-c897-43a5-8cf9-893f5f91baf3/luxury_contemporary_residence_19.jpg
property-images,properties/11acdd8f-78b9-4b83-96e2-54b333eb25cc/luxury_contemporary_residence_2.jpg,3819496,e89dcde2474d1207ffa33eec5b88d626e659a0a815e07bfff1575135cd0f7a76,Tier 1 explicit allowlist duplicate,property-images/properties/7f484187-c897-43a5-8cf9-893f5f91baf3/luxury_contemporary_residence_2.jpg,no,property-images/properties/7f484187-c897-43a5-8cf9-893f5f91baf3/luxury_contemporary_residence_2.jpg
property-images,properties/11acdd8f-78b9-4b83-96e2-54b333eb25cc/luxury_contemporary_residence_20.jpg,2408522,445a233b611e93f24b776ebd1ecd4344225e3fecb02f54db4e20e3652584f50c,Tier 1 explicit allowlist duplicate,property-images/properties/7f484187-c897-43a5-8cf9-893f5f91baf3/luxury_contemporary_residence_20.jpg,no,property-images/properties/7f484187-c897-43a5-8cf9-893f5f91baf3/luxury_contemporary_residence_20.jpg
property-images,properties/11acdd8f-78b9-4b83-96e2-54b333eb25cc/luxury_contemporary_residence_21.jpg,2442533,5c8b6b6cf59bb4c8a58ff5a76ddb9e653dabaa267949f5a8a8b6a62f55717dec,Tier 1 explicit allowlist duplicate,property-images/properties/7f484187-c897-43a5-8cf9-893f5f91baf3/luxury_contemporary_residence_21.jpg,no,property-images/properties/7f484187-c897-43a5-8cf9-893f5f91baf3/luxury_contemporary_residence_21.jpg
property-images,properties/11acdd8f-78b9-4b83-96e2-54b333eb25cc/luxury_contemporary_residence_22.jpg,2479962,b8598ebf68496efe73ed1fe601ed7e0543a8fd21eb77999f634b70c9bbb7055e,Tier 1 explicit allowlist duplicate,property-images/properties/7f484187-c897-43a5-8cf9-893f5f91baf3/luxury_contemporary_residence_22.jpg,no,property-images/properties/7f484187-c897-43a5-8cf9-893f5f91baf3/luxury_contemporary_residence_22.jpg
property-images,properties/11acdd8f-78b9-4b83-96e2-54b333eb25cc/luxury_contemporary_residence_23.jpg,2786563,0595b438509a4dc61095815b2671cfaaad453acc8759dd7f422e2a548e250a09,Tier 1 explicit allowlist duplicate,property-images/properties/7f484187-c897-43a5-8cf9-893f5f91baf3/luxury_contemporary_residence_23.jpg,no,property-images/properties/7f484187-c897-43a5-8cf9-893f5f91baf3/luxury_contemporary_residence_23.jpg
property-images,properties/11acdd8f-78b9-4b83-96e2-54b333eb25cc/luxury_contemporary_residence_24.jpg,4335297,a3579e1cf2c9f80c80e27ad6dae9496db4e2ab65b4cb3e9abd174ccd8d5b4569,Tier 1 explicit allowlist duplicate,property-images/properties/7f484187-c897-43a5-8cf9-893f5f91baf3/luxury_contemporary_residence_24.jpg,no,property-images/properties/7f484187-c897-43a5-8cf9-893f5f91baf3/luxury_contemporary_residence_24.jpg
property-images,properties/11acdd8f-78b9-4b83-96e2-54b333eb25cc/luxury_contemporary_residence_25.jpg,5358707,c160755138f20384db5d94c5409df2ad7ae5c2cc314fa8346c30ed0f7c490678,Tier 1 explicit allowlist duplicate,property-images/properties/7f484187-c897-43a5-8cf9-893f5f91baf3/luxury_contemporary_residence_25.jpg,no,property-images/properties/7f484187-c897-43a5-8cf9-893f5f91baf3/luxury_contemporary_residence_25.jpg
property-images,properties/11acdd8f-78b9-4b83-96e2-54b333eb25cc/luxury_contemporary_residence_26.jpg,3105251,43c58722bf0dd53e031a1a009e46a942c7557eaf859ef3e8918ee3d1d83c2e86,Tier 1 explicit allowlist duplicate,property-images/properties/7f484187-c897-43a5-8cf9-893f5f91baf3/luxury_contemporary_residence_26.jpg,no,property-images/properties/7f484187-c897-43a5-8cf9-893f5f91baf3/luxury_contemporary_residence_26.jpg
property-images,properties/11acdd8f-78b9-4b83-96e2-54b333eb25cc/luxury_contemporary_residence_27.jpg,5474036,bb216ef53e814b089ba96f66af2f518f650bf727fe3a3719d33092333ccdaa6d,Tier 1 explicit allowlist duplicate,property-images/properties/7f484187-c897-43a5-8cf9-893f5f91baf3/luxury_contemporary_residence_27.jpg,no,property-images/properties/7f484187-c897-43a5-8cf9-893f5f91baf3/luxury_contemporary_residence_27.jpg
property-images,properties/11acdd8f-78b9-4b83-96e2-54b333eb25cc/luxury_contemporary_residence_3.jpg,2496012,8e7cedb424e5d09120a03132a35e59c7abb809ceddc3dc7b0236d97d4765c513,Tier 1 explicit allowlist duplicate,property-images/properties/7f484187-c897-43a5-8cf9-893f5f91baf3/luxury_contemporary_residence_3.jpg,no,property-images/properties/7f484187-c897-43a5-8cf9-893f5f91baf3/luxury_contemporary_residence_3.jpg
property-images,properties/11acdd8f-78b9-4b83-96e2-54b333eb25cc/luxury_contemporary_residence_4.jpg,4551408,9d6dea34a9d45d276e0da010b5cd9168c4b336dd6553fbf38368c4eb7108f447,Tier 1 explicit allowlist duplicate,property-images/properties/7f484187-c897-43a5-8cf9-893f5f91baf3/luxury_contemporary_residence_4.jpg,no,property-images/properties/7f484187-c897-43a5-8cf9-893f5f91baf3/luxury_contemporary_residence_4.jpg
property-images,properties/11acdd8f-78b9-4b83-96e2-54b333eb25cc/luxury_contemporary_residence_5.jpg,3999221,8fa92ee0ff8c85126742c66303a54320ebd041d6764206fe7495f89792f06d71,Tier 1 explicit allowlist duplicate,property-images/properties/7f484187-c897-43a5-8cf9-893f5f91baf3/luxury_contemporary_residence_5.jpg,no,property-images/properties/7f484187-c897-43a5-8cf9-893f5f91baf3/luxury_contemporary_residence_5.jpg
property-images,properties/11acdd8f-78b9-4b83-96e2-54b333eb25cc/luxury_contemporary_residence_6.jpg,5344881,314bec508876ec22d9cb076dfdcdba1382ad6c5ca8e203bbd8bb7b00d8f99d72,Tier 1 explicit allowlist duplicate,property-images/properties/7f484187-c897-43a5-8cf9-893f5f91baf3/luxury_contemporary_residence_6.jpg,no,property-images/properties/7f484187-c897-43a5-8cf9-893f5f91baf3/luxury_contemporary_residence_6.jpg
property-images,properties/11acdd8f-78b9-4b83-96e2-54b333eb25cc/luxury_contemporary_residence_7.jpg,3201838,d93099df62b522eee3b3bb4435dc9b8fbe25a3ca404e8007d7fc712407e7eaaa,Tier 1 explicit allowlist duplicate,property-images/properties/7f484187-c897-43a5-8cf9-893f5f91baf3/luxury_contemporary_residence_7.jpg,no,property-images/properties/7f484187-c897-43a5-8cf9-893f5f91baf3/luxury_contemporary_residence_7.jpg
property-images,properties/11acdd8f-78b9-4b83-96e2-54b333eb25cc/luxury_contemporary_residence_8.jpg,2451678,2d250f4ebd494faea3c5c2abb621aee56ea21a3f6b1ed05919d607312fc122ff,Tier 1 explicit allowlist duplicate,property-images/properties/7f484187-c897-43a5-8cf9-893f5f91baf3/luxury_contemporary_residence_8.jpg,no,property-images/properties/7f484187-c897-43a5-8cf9-893f5f91baf3/luxury_contemporary_residence_8.jpg
property-images,properties/11acdd8f-78b9-4b83-96e2-54b333eb25cc/luxury_contemporary_residence_9.jpg,2683156,d393ef31b029e4857158f25b760a584cdfbf1aff79e0944e87cd98c395a80ce7,Tier 1 explicit allowlist duplicate,property-images/properties/7f484187-c897-43a5-8cf9-893f5f91baf3/luxury_contemporary_residence_9.jpg,no,property-images/properties/7f484187-c897-43a5-8cf9-893f5f91baf3/luxury_contemporary_residence_9.jpg
property-images,properties/1788651115508_20260905_175545.jpg,5557561,5904adffda4f11ccb750fbadd673597f6a3bff2198091662e2fb28b57352442a,Tier 1 explicit allowlist duplicate,property-images/properties/7f484187-c897-43a5-8cf9-893f5f91baf3/luxury_contemporary_residence_1.jpg,no,property-images/properties/7f484187-c897-43a5-8cf9-893f5f91baf3/luxury_contemporary_residence_1.jpg
property-images,properties/1788651115513_20260905_175508.jpg,3819496,e89dcde2474d1207ffa33eec5b88d626e659a0a815e07bfff1575135cd0f7a76,Tier 1 explicit allowlist duplicate,property-images/properties/7f484187-c897-43a5-8cf9-893f5f91baf3/luxury_contemporary_residence_2.jpg,no,property-images/properties/7f484187-c897-43a5-8cf9-893f5f91baf3/luxury_contemporary_residence_2.jpg
property-images,properties/1788651115513_20260905_175520.jpg,3999221,8fa92ee0ff8c85126742c66303a54320ebd041d6764206fe7495f89792f06d71,Tier 1 explicit allowlist duplicate,property-images/properties/7f484187-c897-43a5-8cf9-893f5f91baf3/luxury_contemporary_residence_5.jpg,no,property-images/properties/7f484187-c897-43a5-8cf9-893f5f91baf3/luxury_contemporary_residence_5.jpg
property-images,properties/1788651115513_20260905_175551.jpg,5344881,314bec508876ec22d9cb076dfdcdba1382ad6c5ca8e203bbd8bb7b00d8f99d72,Tier 1 explicit allowlist duplicate,property-images/properties/7f484187-c897-43a5-8cf9-893f5f91baf3/luxury_contemporary_residence_6.jpg,no,property-images/properties/7f484187-c897-43a5-8cf9-893f5f91baf3/luxury_contemporary_residence_6.jpg
property-images,properties/1788651115513_20260905_175612.jpg,4551408,9d6dea34a9d45d276e0da010b5cd9168c4b336dd6553fbf38368c4eb7108f447,Tier 1 explicit allowlist duplicate,property-images/properties/7f484187-c897-43a5-8cf9-893f5f91baf3/luxury_contemporary_residence_4.jpg,no,property-images/properties/7f484187-c897-43a5-8cf9-893f5f91baf3/luxury_contemporary_residence_4.jpg
property-images,properties/1788651115513_20260905_180025.jpg,2496012,8e7cedb424e5d09120a03132a35e59c7abb809ceddc3dc7b0236d97d4765c513,Tier 1 explicit allowlist duplicate,property-images/properties/7f484187-c897-43a5-8cf9-893f5f91baf3/luxury_contemporary_residence_3.jpg,no,property-images/properties/7f484187-c897-43a5-8cf9-893f5f91baf3/luxury_contemporary_residence_3.jpg
property-images,properties/1788651115513_20260905_180316.jpg,3201838,d93099df62b522eee3b3bb4435dc9b8fbe25a3ca404e8007d7fc712407e7eaaa,Tier 1 explicit allowlist duplicate,property-images/properties/7f484187-c897-43a5-8cf9-893f5f91baf3/luxury_contemporary_residence_7.jpg,no,property-images/properties/7f484187-c897-43a5-8cf9-893f5f91baf3/luxury_contemporary_residence_7.jpg
property-images,properties/1788651115513_20260905_180326.jpg,2451678,2d250f4ebd494faea3c5c2abb621aee56ea21a3f6b1ed05919d607312fc122ff,Tier 1 explicit allowlist duplicate,property-images/properties/7f484187-c897-43a5-8cf9-893f5f91baf3/luxury_contemporary_residence_8.jpg,no,property-images/properties/7f484187-c897-43a5-8cf9-893f5f91baf3/luxury_contemporary_residence_8.jpg
property-images,properties/1788651115513_20260905_180335.jpg,2683156,d393ef31b029e4857158f25b760a584cdfbf1aff79e0944e87cd98c395a80ce7,Tier 1 explicit allowlist duplicate,property-images/properties/7f484187-c897-43a5-8cf9-893f5f91baf3/luxury_contemporary_residence_9.jpg,no,property-images/properties/7f484187-c897-43a5-8cf9-893f5f91baf3/luxury_contemporary_residence_9.jpg
property-images,properties/1788651115513_20260905_180346.jpg,4261741,ebcf71c7dc16732bb55fc66016b4011977ab6b1866d7b1a07b4a9948580a6a5a,Tier 1 explicit allowlist duplicate,property-images/properties/7f484187-c897-43a5-8cf9-893f5f91baf3/luxury_contemporary_residence_10.jpg,no,property-images/properties/7f484187-c897-43a5-8cf9-893f5f91baf3/luxury_contemporary_residence_10.jpg
property-images,properties/1788651115513_20260905_180551.jpg,2311076,18e5530ab489cbfa695152e078d390e8f60c870d8d3310c7420ff3625d8b53d5,Tier 1 explicit allowlist duplicate,property-images/properties/7f484187-c897-43a5-8cf9-893f5f91baf3/luxury_contemporary_residence_11.jpg,no,property-images/properties/7f484187-c897-43a5-8cf9-893f5f91baf3/luxury_contemporary_residence_11.jpg
property-images,properties/1788651115514_20260905_175919.jpg,5474036,bb216ef53e814b089ba96f66af2f518f650bf727fe3a3719d33092333ccdaa6d,Tier 1 explicit allowlist duplicate,property-images/properties/7f484187-c897-43a5-8cf9-893f5f91baf3/luxury_contemporary_residence_27.jpg,no,property-images/properties/7f484187-c897-43a5-8cf9-893f5f91baf3/luxury_contemporary_residence_27.jpg
property-images,properties/1788651115514_20260905_175928.jpg,3105251,43c58722bf0dd53e031a1a009e46a942c7557eaf859ef3e8918ee3d1d83c2e86,Tier 1 explicit allowlist duplicate,property-images/properties/7f484187-c897-43a5-8cf9-893f5f91baf3/luxury_contemporary_residence_26.jpg,no,property-images/properties/7f484187-c897-43a5-8cf9-893f5f91baf3/luxury_contemporary_residence_26.jpg
property-images,properties/1788651115514_20260905_175937.jpg,5358707,c160755138f20384db5d94c5409df2ad7ae5c2cc314fa8346c30ed0f7c490678,Tier 1 explicit allowlist duplicate,property-images/properties/7f484187-c897-43a5-8cf9-893f5f91baf3/luxury_contemporary_residence_25.jpg,no,property-images/properties/7f484187-c897-43a5-8cf9-893f5f91baf3/luxury_contemporary_residence_25.jpg
property-images,properties/1788651115514_20260905_180011.jpg,4335297,a3579e1cf2c9f80c80e27ad6dae9496db4e2ab65b4cb3e9abd174ccd8d5b4569,Tier 1 explicit allowlist duplicate,property-images/properties/7f484187-c897-43a5-8cf9-893f5f91baf3/luxury_contemporary_residence_24.jpg,no,property-images/properties/7f484187-c897-43a5-8cf9-893f5f91baf3/luxury_contemporary_residence_24.jpg
property-images,properties/1788651115514_20260905_180034.jpg,2786563,0595b438509a4dc61095815b2671cfaaad453acc8759dd7f422e2a548e250a09,Tier 1 explicit allowlist duplicate,property-images/properties/7f484187-c897-43a5-8cf9-893f5f91baf3/luxury_contemporary_residence_23.jpg,no,property-images/properties/7f484187-c897-43a5-8cf9-893f5f91baf3/luxury_contemporary_residence_23.jpg
property-images,properties/1788651115514_20260905_180040.jpg,2479962,b8598ebf68496efe73ed1fe601ed7e0543a8fd21eb77999f634b70c9bbb7055e,Tier 1 explicit allowlist duplicate,property-images/properties/7f484187-c897-43a5-8cf9-893f5f91baf3/luxury_contemporary_residence_22.jpg,no,property-images/properties/7f484187-c897-43a5-8cf9-893f5f91baf3/luxury_contemporary_residence_22.jpg
property-images,properties/1788651115514_20260905_180051.jpg,2442533,5c8b6b6cf59bb4c8a58ff5a76ddb9e653dabaa267949f5a8a8b6a62f55717dec,Tier 1 explicit allowlist duplicate,property-images/properties/7f484187-c897-43a5-8cf9-893f5f91baf3/luxury_contemporary_residence_21.jpg,no,property-images/properties/7f484187-c897-43a5-8cf9-893f5f91baf3/luxury_contemporary_residence_21.jpg
property-images,properties/1788651115514_20260905_180059.jpg,2408522,445a233b611e93f24b776ebd1ecd4344225e3fecb02f54db4e20e3652584f50c,Tier 1 explicit allowlist duplicate,property-images/properties/7f484187-c897-43a5-8cf9-893f5f91baf3/luxury_contemporary_residence_20.jpg,no,property-images/properties/7f484187-c897-43a5-8cf9-893f5f91baf3/luxury_contemporary_residence_20.jpg
property-images,properties/1788651115514_20260905_180123.jpg,2465922,817391ae874bbc120798a71f9a348953dcd2242e5d34a4139e8c8071d439cf39,Tier 1 explicit allowlist duplicate,property-images/properties/7f484187-c897-43a5-8cf9-893f5f91baf3/luxury_contemporary_residence_19.jpg,no,property-images/properties/7f484187-c897-43a5-8cf9-893f5f91baf3/luxury_contemporary_residence_19.jpg
property-images,properties/1788651115514_20260905_180130.jpg,2589947,12b262fa83f4ccd395e2af1342324c31086acf0e294de36cb23dbb0ce6b2874d,Tier 1 explicit allowlist duplicate,property-images/properties/7f484187-c897-43a5-8cf9-893f5f91baf3/luxury_contemporary_residence_18.jpg,no,property-images/properties/7f484187-c897-43a5-8cf9-893f5f91baf3/luxury_contemporary_residence_18.jpg
property-images,properties/1788651115514_20260905_180202.jpg,3053359,c2d28d57f7893aaf803a89c663e945543e0a21222b4cdaf34500b63ea4fa9c59,Tier 1 explicit allowlist duplicate,property-images/properties/7f484187-c897-43a5-8cf9-893f5f91baf3/luxury_contemporary_residence_17.jpg,no,property-images/properties/7f484187-c897-43a5-8cf9-893f5f91baf3/luxury_contemporary_residence_17.jpg
property-images,properties/1788651115514_20260905_180211.jpg,3294667,e27b0d12510f4f42a7111d9f7132cbcafd55be5f167aeecf0511165a6c67db97,Tier 1 explicit allowlist duplicate,property-images/properties/7f484187-c897-43a5-8cf9-893f5f91baf3/luxury_contemporary_residence_16.jpg,no,property-images/properties/7f484187-c897-43a5-8cf9-893f5f91baf3/luxury_contemporary_residence_16.jpg
property-images,properties/1788651115514_20260905_180230.jpg,3893553,d14bac5a6592b08f4f763bb25a072ffe1ffa3097b6aa8efe7ffa138981b20a45,Tier 1 explicit allowlist duplicate,property-images/properties/7f484187-c897-43a5-8cf9-893f5f91baf3/luxury_contemporary_residence_15.jpg,no,property-images/properties/7f484187-c897-43a5-8cf9-893f5f91baf3/luxury_contemporary_residence_15.jpg
property-images,properties/1788651115514_20260905_180304.jpg,2405252,7c26e37fa7e37d12042202736af223045cc78b44b28e69b1b8793d9c109fc7ba,Tier 1 explicit allowlist duplicate,property-images/properties/7f484187-c897-43a5-8cf9-893f5f91baf3/luxury_contemporary_residence_14.jpg,no,property-images/properties/7f484187-c897-43a5-8cf9-893f5f91baf3/luxury_contemporary_residence_14.jpg
property-images,properties/1788651115514_20260905_180309.jpg,2565063,cd6d7582da2303bf4d58dc12e6c7fdaed1d8d1e8440c5c78277ea5459623265e,Tier 1 explicit allowlist duplicate,property-images/properties/7f484187-c897-43a5-8cf9-893f5f91baf3/luxury_contemporary_residence_13.jpg,no,property-images/properties/7f484187-c897-43a5-8cf9-893f5f91baf3/luxury_contemporary_residence_13.jpg
property-images,properties/1788651115514_20260905_180553.jpg,2767162,c28d31bba91538ae709021269c4514260a19614a8f532d179c6fa9c5d626592a,Tier 1 explicit allowlist duplicate,property-images/properties/7f484187-c897-43a5-8cf9-893f5f91baf3/luxury_contemporary_residence_12.jpg,no,property-images/properties/7f484187-c897-43a5-8cf9-893f5f91baf3/luxury_contemporary_residence_12.jpg
property-images,properties/8d875453-90a7-4684-ad54-ac1825f1d475/luxury_contemporary_residence_1.jpg,5557561,5904adffda4f11ccb750fbadd673597f6a3bff2198091662e2fb28b57352442a,Tier 1 explicit allowlist duplicate,property-images/properties/7f484187-c897-43a5-8cf9-893f5f91baf3/luxury_contemporary_residence_1.jpg,no,property-images/properties/7f484187-c897-43a5-8cf9-893f5f91baf3/luxury_contemporary_residence_1.jpg
property-images,properties/8d875453-90a7-4684-ad54-ac1825f1d475/luxury_contemporary_residence_10.jpg,4261741,ebcf71c7dc16732bb55fc66016b4011977ab6b1866d7b1a07b4a9948580a6a5a,Tier 1 explicit allowlist duplicate,property-images/properties/7f484187-c897-43a5-8cf9-893f5f91baf3/luxury_contemporary_residence_10.jpg,no,property-images/properties/7f484187-c897-43a5-8cf9-893f5f91baf3/luxury_contemporary_residence_10.jpg
property-images,properties/8d875453-90a7-4684-ad54-ac1825f1d475/luxury_contemporary_residence_11.jpg,2311076,18e5530ab489cbfa695152e078d390e8f60c870d8d3310c7420ff3625d8b53d5,Tier 1 explicit allowlist duplicate,property-images/properties/7f484187-c897-43a5-8cf9-893f5f91baf3/luxury_contemporary_residence_11.jpg,no,property-images/properties/7f484187-c897-43a5-8cf9-893f5f91baf3/luxury_contemporary_residence_11.jpg
property-images,properties/8d875453-90a7-4684-ad54-ac1825f1d475/luxury_contemporary_residence_12.jpg,2767162,c28d31bba91538ae709021269c4514260a19614a8f532d179c6fa9c5d626592a,Tier 1 explicit allowlist duplicate,property-images/properties/7f484187-c897-43a5-8cf9-893f5f91baf3/luxury_contemporary_residence_12.jpg,no,property-images/properties/7f484187-c897-43a5-8cf9-893f5f91baf3/luxury_contemporary_residence_12.jpg
property-images,properties/8d875453-90a7-4684-ad54-ac1825f1d475/luxury_contemporary_residence_13.jpg,2565063,cd6d7582da2303bf4d58dc12e6c7fdaed1d8d1e8440c5c78277ea5459623265e,Tier 1 explicit allowlist duplicate,property-images/properties/7f484187-c897-43a5-8cf9-893f5f91baf3/luxury_contemporary_residence_13.jpg,no,property-images/properties/7f484187-c897-43a5-8cf9-893f5f91baf3/luxury_contemporary_residence_13.jpg
property-images,properties/8d875453-90a7-4684-ad54-ac1825f1d475/luxury_contemporary_residence_14.jpg,2405252,7c26e37fa7e37d12042202736af223045cc78b44b28e69b1b8793d9c109fc7ba,Tier 1 explicit allowlist duplicate,property-images/properties/7f484187-c897-43a5-8cf9-893f5f91baf3/luxury_contemporary_residence_14.jpg,no,property-images/properties/7f484187-c897-43a5-8cf9-893f5f91baf3/luxury_contemporary_residence_14.jpg
property-images,properties/8d875453-90a7-4684-ad54-ac1825f1d475/luxury_contemporary_residence_15.jpg,3893553,d14bac5a6592b08f4f763bb25a072ffe1ffa3097b6aa8efe7ffa138981b20a45,Tier 1 explicit allowlist duplicate,property-images/properties/7f484187-c897-43a5-8cf9-893f5f91baf3/luxury_contemporary_residence_15.jpg,no,property-images/properties/7f484187-c897-43a5-8cf9-893f5f91baf3/luxury_contemporary_residence_15.jpg
property-images,properties/8d875453-90a7-4684-ad54-ac1825f1d475/luxury_contemporary_residence_16.jpg,3294667,e27b0d12510f4f42a7111d9f7132cbcafd55be5f167aeecf0511165a6c67db97,Tier 1 explicit allowlist duplicate,property-images/properties/7f484187-c897-43a5-8cf9-893f5f91baf3/luxury_contemporary_residence_16.jpg,no,property-images/properties/7f484187-c897-43a5-8cf9-893f5f91baf3/luxury_contemporary_residence_16.jpg
property-images,properties/8d875453-90a7-4684-ad54-ac1825f1d475/luxury_contemporary_residence_17.jpg,3053359,c2d28d57f7893aaf803a89c663e945543e0a21222b4cdaf34500b63ea4fa9c59,Tier 1 explicit allowlist duplicate,property-images/properties/7f484187-c897-43a5-8cf9-893f5f91baf3/luxury_contemporary_residence_17.jpg,no,property-images/properties/7f484187-c897-43a5-8cf9-893f5f91baf3/luxury_contemporary_residence_17.jpg
property-images,properties/8d875453-90a7-4684-ad54-ac1825f1d475/luxury_contemporary_residence_18.jpg,2589947,12b262fa83f4ccd395e2af1342324c31086acf0e294de36cb23dbb0ce6b2874d,Tier 1 explicit allowlist duplicate,property-images/properties/7f484187-c897-43a5-8cf9-893f5f91baf3/luxury_contemporary_residence_18.jpg,no,property-images/properties/7f484187-c897-43a5-8cf9-893f5f91baf3/luxury_contemporary_residence_18.jpg
property-images,properties/8d875453-90a7-4684-ad54-ac1825f1d475/luxury_contemporary_residence_19.jpg,2465922,817391ae874bbc120798a71f9a348953dcd2242e5d34a4139e8c8071d439cf39,Tier 1 explicit allowlist duplicate,property-images/properties/7f484187-c897-43a5-8cf9-893f5f91baf3/luxury_contemporary_residence_19.jpg,no,property-images/properties/7f484187-c897-43a5-8cf9-893f5f91baf3/luxury_contemporary_residence_19.jpg
property-images,properties/8d875453-90a7-4684-ad54-ac1825f1d475/luxury_contemporary_residence_2.jpg,3819496,e89dcde2474d1207ffa33eec5b88d626e659a0a815e07bfff1575135cd0f7a76,Tier 1 explicit allowlist duplicate,property-images/properties/7f484187-c897-43a5-8cf9-893f5f91baf3/luxury_contemporary_residence_2.jpg,no,property-images/properties/7f484187-c897-43a5-8cf9-893f5f91baf3/luxury_contemporary_residence_2.jpg
property-images,properties/8d875453-90a7-4684-ad54-ac1825f1d475/luxury_contemporary_residence_20.jpg,2408522,445a233b611e93f24b776ebd1ecd4344225e3fecb02f54db4e20e3652584f50c,Tier 1 explicit allowlist duplicate,property-images/properties/7f484187-c897-43a5-8cf9-893f5f91baf3/luxury_contemporary_residence_20.jpg,no,property-images/properties/7f484187-c897-43a5-8cf9-893f5f91baf3/luxury_contemporary_residence_20.jpg
property-images,properties/8d875453-90a7-4684-ad54-ac1825f1d475/luxury_contemporary_residence_21.jpg,2442533,5c8b6b6cf59bb4c8a58ff5a76ddb9e653dabaa267949f5a8a8b6a62f55717dec,Tier 1 explicit allowlist duplicate,property-images/properties/7f484187-c897-43a5-8cf9-893f5f91baf3/luxury_contemporary_residence_21.jpg,no,property-images/properties/7f484187-c897-43a5-8cf9-893f5f91baf3/luxury_contemporary_residence_21.jpg
property-images,properties/8d875453-90a7-4684-ad54-ac1825f1d475/luxury_contemporary_residence_22.jpg,2479962,b8598ebf68496efe73ed1fe601ed7e0543a8fd21eb77999f634b70c9bbb7055e,Tier 1 explicit allowlist duplicate,property-images/properties/7f484187-c897-43a5-8cf9-893f5f91baf3/luxury_contemporary_residence_22.jpg,no,property-images/properties/7f484187-c897-43a5-8cf9-893f5f91baf3/luxury_contemporary_residence_22.jpg
property-images,properties/8d875453-90a7-4684-ad54-ac1825f1d475/luxury_contemporary_residence_23.jpg,2786563,0595b438509a4dc61095815b2671cfaaad453acc8759dd7f422e2a548e250a09,Tier 1 explicit allowlist duplicate,property-images/properties/7f484187-c897-43a5-8cf9-893f5f91baf3/luxury_contemporary_residence_23.jpg,no,property-images/properties/7f484187-c897-43a5-8cf9-893f5f91baf3/luxury_contemporary_residence_23.jpg
property-images,properties/8d875453-90a7-4684-ad54-ac1825f1d475/luxury_contemporary_residence_24.jpg,4335297,a3579e1cf2c9f80c80e27ad6dae9496db4e2ab65b4cb3e9abd174ccd8d5b4569,Tier 1 explicit allowlist duplicate,property-images/properties/7f484187-c897-43a5-8cf9-893f5f91baf3/luxury_contemporary_residence_24.jpg,no,property-images/properties/7f484187-c897-43a5-8cf9-893f5f91baf3/luxury_contemporary_residence_24.jpg
property-images,properties/8d875453-90a7-4684-ad54-ac1825f1d475/luxury_contemporary_residence_25.jpg,5358707,c160755138f20384db5d94c5409df2ad7ae5c2cc314fa8346c30ed0f7c490678,Tier 1 explicit allowlist duplicate,property-images/properties/7f484187-c897-43a5-8cf9-893f5f91baf3/luxury_contemporary_residence_25.jpg,no,property-images/properties/7f484187-c897-43a5-8cf9-893f5f91baf3/luxury_contemporary_residence_25.jpg
property-images,properties/8d875453-90a7-4684-ad54-ac1825f1d475/luxury_contemporary_residence_26.jpg,3105251,43c58722bf0dd53e031a1a009e46a942c7557eaf859ef3e8918ee3d1d83c2e86,Tier 1 explicit allowlist duplicate,property-images/properties/7f484187-c897-43a5-8cf9-893f5f91baf3/luxury_contemporary_residence_26.jpg,no,property-images/properties/7f484187-c897-43a5-8cf9-893f5f91baf3/luxury_contemporary_residence_26.jpg
property-images,properties/8d875453-90a7-4684-ad54-ac1825f1d475/luxury_contemporary_residence_27.jpg,5474036,bb216ef53e814b089ba96f66af2f518f650bf727fe3a3719d33092333ccdaa6d,Tier 1 explicit allowlist duplicate,property-images/properties/7f484187-c897-43a5-8cf9-893f5f91baf3/luxury_contemporary_residence_27.jpg,no,property-images/properties/7f484187-c897-43a5-8cf9-893f5f91baf3/luxury_contemporary_residence_27.jpg
property-images,properties/8d875453-90a7-4684-ad54-ac1825f1d475/luxury_contemporary_residence_3.jpg,2496012,8e7cedb424e5d09120a03132a35e59c7abb809ceddc3dc7b0236d97d4765c513,Tier 1 explicit allowlist duplicate,property-images/properties/7f484187-c897-43a5-8cf9-893f5f91baf3/luxury_contemporary_residence_3.jpg,no,property-images/properties/7f484187-c897-43a5-8cf9-893f5f91baf3/luxury_contemporary_residence_3.jpg
property-images,properties/8d875453-90a7-4684-ad54-ac1825f1d475/luxury_contemporary_residence_4.jpg,4551408,9d6dea34a9d45d276e0da010b5cd9168c4b336dd6553fbf38368c4eb7108f447,Tier 1 explicit allowlist duplicate,property-images/properties/7f484187-c897-43a5-8cf9-893f5f91baf3/luxury_contemporary_residence_4.jpg,no,property-images/properties/7f484187-c897-43a5-8cf9-893f5f91baf3/luxury_contemporary_residence_4.jpg
property-images,properties/8d875453-90a7-4684-ad54-ac1825f1d475/luxury_contemporary_residence_5.jpg,3999221,8fa92ee0ff8c85126742c66303a54320ebd041d6764206fe7495f89792f06d71,Tier 1 explicit allowlist duplicate,property-images/properties/7f484187-c897-43a5-8cf9-893f5f91baf3/luxury_contemporary_residence_5.jpg,no,property-images/properties/7f484187-c897-43a5-8cf9-893f5f91baf3/luxury_contemporary_residence_5.jpg
property-images,properties/8d875453-90a7-4684-ad54-ac1825f1d475/luxury_contemporary_residence_6.jpg,5344881,314bec508876ec22d9cb076dfdcdba1382ad6c5ca8e203bbd8bb7b00d8f99d72,Tier 1 explicit allowlist duplicate,property-images/properties/7f484187-c897-43a5-8cf9-893f5f91baf3/luxury_contemporary_residence_6.jpg,no,property-images/properties/7f484187-c897-43a5-8cf9-893f5f91baf3/luxury_contemporary_residence_6.jpg
property-images,properties/8d875453-90a7-4684-ad54-ac1825f1d475/luxury_contemporary_residence_7.jpg,3201838,d93099df62b522eee3b3bb4435dc9b8fbe25a3ca404e8007d7fc712407e7eaaa,Tier 1 explicit allowlist duplicate,property-images/properties/7f484187-c897-43a5-8cf9-893f5f91baf3/luxury_contemporary_residence_7.jpg,no,property-images/properties/7f484187-c897-43a5-8cf9-893f5f91baf3/luxury_contemporary_residence_7.jpg
property-images,properties/8d875453-90a7-4684-ad54-ac1825f1d475/luxury_contemporary_residence_8.jpg,2451678,2d250f4ebd494faea3c5c2abb621aee56ea21a3f6b1ed05919d607312fc122ff,Tier 1 explicit allowlist duplicate,property-images/properties/7f484187-c897-43a5-8cf9-893f5f91baf3/luxury_contemporary_residence_8.jpg,no,property-images/properties/7f484187-c897-43a5-8cf9-893f5f91baf3/luxury_contemporary_residence_8.jpg
property-images,properties/8d875453-90a7-4684-ad54-ac1825f1d475/luxury_contemporary_residence_9.jpg,2683156,d393ef31b029e4857158f25b760a584cdfbf1aff79e0944e87cd98c395a80ce7,Tier 1 explicit allowlist duplicate,property-images/properties/7f484187-c897-43a5-8cf9-893f5f91baf3/luxury_contemporary_residence_9.jpg,no,property-images/properties/7f484187-c897-43a5-8cf9-893f5f91baf3/luxury_contemporary_residence_9.jpg
property-images,properties/ec47d3eb-93f8-4317-a2b6-49e2906f32de/luxury_contemporary_residence_1.jpg,5557561,5904adffda4f11ccb750fbadd673597f6a3bff2198091662e2fb28b57352442a,Tier 1 explicit allowlist duplicate,property-images/properties/7f484187-c897-43a5-8cf9-893f5f91baf3/luxury_contemporary_residence_1.jpg,no,property-images/properties/7f484187-c897-43a5-8cf9-893f5f91baf3/luxury_contemporary_residence_1.jpg
property-images,properties/ec47d3eb-93f8-4317-a2b6-49e2906f32de/luxury_contemporary_residence_10.jpg,4261741,ebcf71c7dc16732bb55fc66016b4011977ab6b1866d7b1a07b4a9948580a6a5a,Tier 1 explicit allowlist duplicate,property-images/properties/7f484187-c897-43a5-8cf9-893f5f91baf3/luxury_contemporary_residence_10.jpg,no,property-images/properties/7f484187-c897-43a5-8cf9-893f5f91baf3/luxury_contemporary_residence_10.jpg
property-images,properties/ec47d3eb-93f8-4317-a2b6-49e2906f32de/luxury_contemporary_residence_11.jpg,2311076,18e5530ab489cbfa695152e078d390e8f60c870d8d3310c7420ff3625d8b53d5,Tier 1 explicit allowlist duplicate,property-images/properties/7f484187-c897-43a5-8cf9-893f5f91baf3/luxury_contemporary_residence_11.jpg,no,property-images/properties/7f484187-c897-43a5-8cf9-893f5f91baf3/luxury_contemporary_residence_11.jpg
property-images,properties/ec47d3eb-93f8-4317-a2b6-49e2906f32de/luxury_contemporary_residence_12.jpg,2767162,c28d31bba91538ae709021269c4514260a19614a8f532d179c6fa9c5d626592a,Tier 1 explicit allowlist duplicate,property-images/properties/7f484187-c897-43a5-8cf9-893f5f91baf3/luxury_contemporary_residence_12.jpg,no,property-images/properties/7f484187-c897-43a5-8cf9-893f5f91baf3/luxury_contemporary_residence_12.jpg
property-images,properties/ec47d3eb-93f8-4317-a2b6-49e2906f32de/luxury_contemporary_residence_13.jpg,2565063,cd6d7582da2303bf4d58dc12e6c7fdaed1d8d1e8440c5c78277ea5459623265e,Tier 1 explicit allowlist duplicate,property-images/properties/7f484187-c897-43a5-8cf9-893f5f91baf3/luxury_contemporary_residence_13.jpg,no,property-images/properties/7f484187-c897-43a5-8cf9-893f5f91baf3/luxury_contemporary_residence_13.jpg
property-images,properties/ec47d3eb-93f8-4317-a2b6-49e2906f32de/luxury_contemporary_residence_14.jpg,2405252,7c26e37fa7e37d12042202736af223045cc78b44b28e69b1b8793d9c109fc7ba,Tier 1 explicit allowlist duplicate,property-images/properties/7f484187-c897-43a5-8cf9-893f5f91baf3/luxury_contemporary_residence_14.jpg,no,property-images/properties/7f484187-c897-43a5-8cf9-893f5f91baf3/luxury_contemporary_residence_14.jpg
property-images,properties/ec47d3eb-93f8-4317-a2b6-49e2906f32de/luxury_contemporary_residence_15.jpg,3893553,d14bac5a6592b08f4f763bb25a072ffe1ffa3097b6aa8efe7ffa138981b20a45,Tier 1 explicit allowlist duplicate,property-images/properties/7f484187-c897-43a5-8cf9-893f5f91baf3/luxury_contemporary_residence_15.jpg,no,property-images/properties/7f484187-c897-43a5-8cf9-893f5f91baf3/luxury_contemporary_residence_15.jpg
property-images,properties/ec47d3eb-93f8-4317-a2b6-49e2906f32de/luxury_contemporary_residence_16.jpg,3294667,e27b0d12510f4f42a7111d9f7132cbcafd55be5f167aeecf0511165a6c67db97,Tier 1 explicit allowlist duplicate,property-images/properties/7f484187-c897-43a5-8cf9-893f5f91baf3/luxury_contemporary_residence_16.jpg,no,property-images/properties/7f484187-c897-43a5-8cf9-893f5f91baf3/luxury_contemporary_residence_16.jpg
property-images,properties/ec47d3eb-93f8-4317-a2b6-49e2906f32de/luxury_contemporary_residence_17.jpg,3053359,c2d28d57f7893aaf803a89c663e945543e0a21222b4cdaf34500b63ea4fa9c59,Tier 1 explicit allowlist duplicate,property-images/properties/7f484187-c897-43a5-8cf9-893f5f91baf3/luxury_contemporary_residence_17.jpg,no,property-images/properties/7f484187-c897-43a5-8cf9-893f5f91baf3/luxury_contemporary_residence_17.jpg
property-images,properties/ec47d3eb-93f8-4317-a2b6-49e2906f32de/luxury_contemporary_residence_18.jpg,2589947,12b262fa83f4ccd395e2af1342324c31086acf0e294de36cb23dbb0ce6b2874d,Tier 1 explicit allowlist duplicate,property-images/properties/7f484187-c897-43a5-8cf9-893f5f91baf3/luxury_contemporary_residence_18.jpg,no,property-images/properties/7f484187-c897-43a5-8cf9-893f5f91baf3/luxury_contemporary_residence_18.jpg
property-images,properties/ec47d3eb-93f8-4317-a2b6-49e2906f32de/luxury_contemporary_residence_19.jpg,2465922,817391ae874bbc120798a71f9a348953dcd2242e5d34a4139e8c8071d439cf39,Tier 1 explicit allowlist duplicate,property-images/properties/7f484187-c897-43a5-8cf9-893f5f91baf3/luxury_contemporary_residence_19.jpg,no,property-images/properties/7f484187-c897-43a5-8cf9-893f5f91baf3/luxury_contemporary_residence_19.jpg
property-images,properties/ec47d3eb-93f8-4317-a2b6-49e2906f32de/luxury_contemporary_residence_2.jpg,3819496,e89dcde2474d1207ffa33eec5b88d626e659a0a815e07bfff1575135cd0f7a76,Tier 1 explicit allowlist duplicate,property-images/properties/7f484187-c897-43a5-8cf9-893f5f91baf3/luxury_contemporary_residence_2.jpg,no,property-images/properties/7f484187-c897-43a5-8cf9-893f5f91baf3/luxury_contemporary_residence_2.jpg
property-images,properties/ec47d3eb-93f8-4317-a2b6-49e2906f32de/luxury_contemporary_residence_20.jpg,2408522,445a233b611e93f24b776ebd1ecd4344225e3fecb02f54db4e20e3652584f50c,Tier 1 explicit allowlist duplicate,property-images/properties/7f484187-c897-43a5-8cf9-893f5f91baf3/luxury_contemporary_residence_20.jpg,no,property-images/properties/7f484187-c897-43a5-8cf9-893f5f91baf3/luxury_contemporary_residence_20.jpg
property-images,properties/ec47d3eb-93f8-4317-a2b6-49e2906f32de/luxury_contemporary_residence_21.jpg,2442533,5c8b6b6cf59bb4c8a58ff5a76ddb9e653dabaa267949f5a8a8b6a62f55717dec,Tier 1 explicit allowlist duplicate,property-images/properties/7f484187-c897-43a5-8cf9-893f5f91baf3/luxury_contemporary_residence_21.jpg,no,property-images/properties/7f484187-c897-43a5-8cf9-893f5f91baf3/luxury_contemporary_residence_21.jpg
property-images,properties/ec47d3eb-93f8-4317-a2b6-49e2906f32de/luxury_contemporary_residence_22.jpg,2479962,b8598ebf68496efe73ed1fe601ed7e0543a8fd21eb77999f634b70c9bbb7055e,Tier 1 explicit allowlist duplicate,property-images/properties/7f484187-c897-43a5-8cf9-893f5f91baf3/luxury_contemporary_residence_22.jpg,no,property-images/properties/7f484187-c897-43a5-8cf9-893f5f91baf3/luxury_contemporary_residence_22.jpg
property-images,properties/ec47d3eb-93f8-4317-a2b6-49e2906f32de/luxury_contemporary_residence_23.jpg,2786563,0595b438509a4dc61095815b2671cfaaad453acc8759dd7f422e2a548e250a09,Tier 1 explicit allowlist duplicate,property-images/properties/7f484187-c897-43a5-8cf9-893f5f91baf3/luxury_contemporary_residence_23.jpg,no,property-images/properties/7f484187-c897-43a5-8cf9-893f5f91baf3/luxury_contemporary_residence_23.jpg
property-images,properties/ec47d3eb-93f8-4317-a2b6-49e2906f32de/luxury_contemporary_residence_24.jpg,4335297,a3579e1cf2c9f80c80e27ad6dae9496db4e2ab65b4cb3e9abd174ccd8d5b4569,Tier 1 explicit allowlist duplicate,property-images/properties/7f484187-c897-43a5-8cf9-893f5f91baf3/luxury_contemporary_residence_24.jpg,no,property-images/properties/7f484187-c897-43a5-8cf9-893f5f91baf3/luxury_contemporary_residence_24.jpg
property-images,properties/ec47d3eb-93f8-4317-a2b6-49e2906f32de/luxury_contemporary_residence_25.jpg,5358707,c160755138f20384db5d94c5409df2ad7ae5c2cc314fa8346c30ed0f7c490678,Tier 1 explicit allowlist duplicate,property-images/properties/7f484187-c897-43a5-8cf9-893f5f91baf3/luxury_contemporary_residence_25.jpg,no,property-images/properties/7f484187-c897-43a5-8cf9-893f5f91baf3/luxury_contemporary_residence_25.jpg
property-images,properties/ec47d3eb-93f8-4317-a2b6-49e2906f32de/luxury_contemporary_residence_26.jpg,3105251,43c58722bf0dd53e031a1a009e46a942c7557eaf859ef3e8918ee3d1d83c2e86,Tier 1 explicit allowlist duplicate,property-images/properties/7f484187-c897-43a5-8cf9-893f5f91baf3/luxury_contemporary_residence_26.jpg,no,property-images/properties/7f484187-c897-43a5-8cf9-893f5f91baf3/luxury_contemporary_residence_26.jpg
property-images,properties/ec47d3eb-93f8-4317-a2b6-49e2906f32de/luxury_contemporary_residence_27.jpg,5474036,bb216ef53e814b089ba96f66af2f518f650bf727fe3a3719d33092333ccdaa6d,Tier 1 explicit allowlist duplicate,property-images/properties/7f484187-c897-43a5-8cf9-893f5f91baf3/luxury_contemporary_residence_27.jpg,no,property-images/properties/7f484187-c897-43a5-8cf9-893f5f91baf3/luxury_contemporary_residence_27.jpg
property-images,properties/ec47d3eb-93f8-4317-a2b6-49e2906f32de/luxury_contemporary_residence_3.jpg,2496012,8e7cedb424e5d09120a03132a35e59c7abb809ceddc3dc7b0236d97d4765c513,Tier 1 explicit allowlist duplicate,property-images/properties/7f484187-c897-43a5-8cf9-893f5f91baf3/luxury_contemporary_residence_3.jpg,no,property-images/properties/7f484187-c897-43a5-8cf9-893f5f91baf3/luxury_contemporary_residence_3.jpg
property-images,properties/ec47d3eb-93f8-4317-a2b6-49e2906f32de/luxury_contemporary_residence_4.jpg,4551408,9d6dea34a9d45d276e0da010b5cd9168c4b336dd6553fbf38368c4eb7108f447,Tier 1 explicit allowlist duplicate,property-images/properties/7f484187-c897-43a5-8cf9-893f5f91baf3/luxury_contemporary_residence_4.jpg,no,property-images/properties/7f484187-c897-43a5-8cf9-893f5f91baf3/luxury_contemporary_residence_4.jpg
property-images,properties/ec47d3eb-93f8-4317-a2b6-49e2906f32de/luxury_contemporary_residence_5.jpg,3999221,8fa92ee0ff8c85126742c66303a54320ebd041d6764206fe7495f89792f06d71,Tier 1 explicit allowlist duplicate,property-images/properties/7f484187-c897-43a5-8cf9-893f5f91baf3/luxury_contemporary_residence_5.jpg,no,property-images/properties/7f484187-c897-43a5-8cf9-893f5f91baf3/luxury_contemporary_residence_5.jpg
property-images,properties/ec47d3eb-93f8-4317-a2b6-49e2906f32de/luxury_contemporary_residence_6.jpg,5344881,314bec508876ec22d9cb076dfdcdba1382ad6c5ca8e203bbd8bb7b00d8f99d72,Tier 1 explicit allowlist duplicate,property-images/properties/7f484187-c897-43a5-8cf9-893f5f91baf3/luxury_contemporary_residence_6.jpg,no,property-images/properties/7f484187-c897-43a5-8cf9-893f5f91baf3/luxury_contemporary_residence_6.jpg
property-images,properties/ec47d3eb-93f8-4317-a2b6-49e2906f32de/luxury_contemporary_residence_7.jpg,3201838,d93099df62b522eee3b3bb4435dc9b8fbe25a3ca404e8007d7fc712407e7eaaa,Tier 1 explicit allowlist duplicate,property-images/properties/7f484187-c897-43a5-8cf9-893f5f91baf3/luxury_contemporary_residence_7.jpg,no,property-images/properties/7f484187-c897-43a5-8cf9-893f5f91baf3/luxury_contemporary_residence_7.jpg
property-images,properties/ec47d3eb-93f8-4317-a2b6-49e2906f32de/luxury_contemporary_residence_8.jpg,2451678,2d250f4ebd494faea3c5c2abb621aee56ea21a3f6b1ed05919d607312fc122ff,Tier 1 explicit allowlist duplicate,property-images/properties/7f484187-c897-43a5-8cf9-893f5f91baf3/luxury_contemporary_residence_8.jpg,no,property-images/properties/7f484187-c897-43a5-8cf9-893f5f91baf3/luxury_contemporary_residence_8.jpg
property-images,properties/ec47d3eb-93f8-4317-a2b6-49e2906f32de/luxury_contemporary_residence_9.jpg,2683156,d393ef31b029e4857158f25b760a584cdfbf1aff79e0944e87cd98c395a80ce7,Tier 1 explicit allowlist duplicate,property-images/properties/7f484187-c897-43a5-8cf9-893f5f91baf3/luxury_contemporary_residence_9.jpg,no,property-images/properties/7f484187-c897-43a5-8cf9-893f5f91baf3/luxury_contemporary_residence_9.jpg
