blog\amp\market-trend-blog-post\index.html	70	6	167	7	https://luxurypropertiesltd.com.ng/blog/market-trend-blog-post	8	H1=1
blog\amp\nigerian-real-estate-buying-guide\index.html	55	6	151	7	https://luxurypropertiesltd.com.ng/blog/nigerian-real-estate-buying-guide	8	H1=1
blog\amp\property-selling-guide-nigeria\index.html	68	6	174	7	https://luxurypropertiesltd.com.ng/blog/property-selling-guide-nigeria	8	H1=1
blog\amp\real-estate-investment-tips-nigeria\index.html	65	6	154	7	https://luxurypropertiesltd.com.ng/blog/real-estate-investment-tips-nigeria	8	H1=1
blog\amp\real-estate-news-market-trends\index.html	61	6	156	7	https://luxurypropertiesltd.com.ng/blog/real-estate-news-market-trends	8	H1=1
blog\banana-island-property-guide.html	49	3	129	3	https://luxurypropertiesltd.com.ng/blog/banana-island-property-guide	3	H1=1
blog\best-areas-lagos-expats.html	45	3	144	3	https://luxurypropertiesltd.com.ng/blog/best-areas-lagos-expats	3	H1=1
blog\certificate-of-occupancy-vs-governors-consent.html	56	3	36	3	https://luxurypropertiesltd.com.ng/blog/certificate-of-occupancy-vs-governors-consent	3	H1=1
blog\comparison\index.html	56	6	13	7	https://luxurypropertiesltd.com.ng/blog/comparison	8	H1=1
blog\diaspora-guide-buy-property-nigeria-abroad.html	42	3	146	3	https://luxurypropertiesltd.com.ng/blog/diaspora-guide-buy-property-nigeria-abroad	3	H1=1
blog\documents-needed-buy-property-nigeria.html	43	3	132	3	https://luxurypropertiesltd.com.ng/blog/documents-needed-buy-property-nigeria	3	H1=1
blog\governors-consent-timeline-lagos-2026.html	58	3	8	3	https://luxurypropertiesltd.com.ng/blog/governors-consent-timeline-lagos-2026	3	H1=1
blog\how-to-buy-luxury-property-nigeria.html	37	6	147	7	https://luxurypropertiesltd.com.ng/blog/how-to-buy-luxury-property-nigeria	8	H1=1
blog\ikoyi-real-estate-guide.html	44	3	142	3	https://luxurypropertiesltd.com.ng/blog/ikoyi-real-estate-guide	3	H1=1
blog\listicle\index.html	44	6	144	7	https://luxurypropertiesltd.com.ng/blog/listicle	8	H1=1
blog\luxury-concierge-real-estate-nigeria.html	58	3	147	3	https://luxurypropertiesltd.com.ng/blog/luxury-concierge-real-estate-nigeria	3	H1=1
blog\luxury-home-cost-lagos-2026.html	42	3	143	3	https://luxurypropertiesltd.com.ng/blog/luxury-home-cost-lagos-2026	3	H1=1
blog\luxury-property-lekki-complete-guide.html	56	6	145	7	https://luxurypropertiesltd.com.ng/blog/luxury-property-lekki-complete-guide	8	H1=1
blog\luxury-real-estate-investment-roi-lagos.html	38	3	128	3	https://luxurypropertiesltd.com.ng/blog/luxury-real-estate-investment-roi-lagos	3	H1=1
blog\market-trend-blog-post.html	40	7	20	8	https://luxurypropertiesltd.com.ng/blog/market-trend-blog-post	11	H1=1
blog\most-expensive-neighborhoods-lagos-2026.html	44	6	14	7	https://luxurypropertiesltd.com.ng/blog/most-expensive-neighborhoods-lagos-2026	8	H1=1
blog\nigerian-real-estate-buying-guide.html	55	6	151	7	https://luxurypropertiesltd.com.ng/blog/nigerian-real-estate-buying-guide	8	H1=1
blog\off-market-properties-lagos.html	37	3	102	3	https://luxurypropertiesltd.com.ng/blog/off-market-properties-lagos	3	H1=1
blog\property-selling-guide-nigeria.html	51	6	149	8	https://luxurypropertiesltd.com.ng/blog/property-selling-guide-nigeria	7	H1=1
blog\real-estate-investment-tips-nigeria.html	42	6	154	8	https://luxurypropertiesltd.com.ng/blog/real-estate-investment-tips-nigeria	7	H1=1
blog\real-estate-news-market-trends.html	32	6	126	8	https://luxurypropertiesltd.com.ng/blog/real-estate-news-market-trends	7	H1=1
blog\sell-luxury-property-fast-lagos.html	39	3	135	3	https://luxurypropertiesltd.com.ng/blog/sell-luxury-property-fast-lagos	3	H1=1
blog\victoria-island-luxury-real-estate-guide.html	55	3	145	3	https://luxurypropertiesltd.com.ng/blog/victoria-island-luxury-real-estate-guide	3	H1=1
blog\voice-search-optimized-faqs.html	59	3	137	3	https://luxurypropertiesltd.com.ng/blog/voice-search-optimized-faqs	3	H1=1
buying-guides-blog.html	55	6	151	10	https://luxurypropertiesltd.com.ng/blog/nigerian-real-estate-buying-guide	11	H1=1
googlec5d3e468141d2edd.html	NO_TITLE		NO_META		NO_CANON		H1=0
Investment Tips.html	65	6	154	11	https://luxurypropertiesltd.com.ng/blog/real-estate-investment-tips-nigeria	10	H1=1
landing\apartment-for-sale-victoria-island.html	60	6	145	7	https://luxurypropertiesltd.com.ng/landing/apartment-for-sale-victoria-island	8	H1=1
landing\banana-island-luxury-properties.html	58	6	93	7	https://luxurypropertiesltd.com.ng/landing/banana-island-luxury-properties	8	H1=1
landing\buy-luxury-property-lekki.html	42	6	146	7	https://luxurypropertiesltd.com.ng/landing/buy-luxury-property-lekki	8	H1=1
landing\commercial-property-lagos.html	55	6	144	7	https://luxurypropertiesltd.com.ng/landing/commercial-property-lagos	8	H1=1
landing\duplex-for-sale-lagos.html	55	6	150	7	https://luxurypropertiesltd.com.ng/landing/duplex-for-sale-lagos	8	H1=1
landing\house-for-sale-lekki.html	37	6	153	7	https://luxurypropertiesltd.com.ng/landing/house-for-sale-lekki	8	H1=1
landing\land-for-sale-ajah.html	55	6	148	7	https://luxurypropertiesltd.com.ng/landing/land-for-sale-ajah	8	H1=1
landing\luxury-apartments-nigeria.html	55	6	132	7	https://luxurypropertiesltd.com.ng/landing/luxury-apartments-nigeria	8	H1=1
landing\luxury-homes-for-sale-lagos.html	56	6	155	7	https://luxurypropertiesltd.com.ng/landing/luxury-homes-for-sale-lagos	8	H1=1
landing\luxury-homes-nigeria.html	46	6	133	7	https://luxurypropertiesltd.com.ng/landing/luxury-homes-nigeria	8	H1=1
landing\luxury-house-for-sale-ikoyi.html	56	6	136	7	https://luxurypropertiesltd.com.ng/landing/luxury-house-for-sale-ikoyi	8	H1=1
landing\real-estate-investment-lagos.html	55	6	131	7	https://luxurypropertiesltd.com.ng/landing/real-estate-investment-lagos	8	H1=1
landing\shortlet-apartment-lagos.html	50	6	147	7	https://luxurypropertiesltd.com.ng/landing/shortlet-apartment-lagos	8	H1=1
market_trend_blog_post.html	87	7	20	11	https://luxurypropertiesltd.com.ng/blog/market-trend-blog-post	14	H1=1
property_selling_guide_nigeria.html	84	6	149	11	https://luxurypropertiesltd.com.ng/blog/property-selling-guide-nigeria	10	H1=1
Real_estate_news.html	65	6	156	11	https://luxurypropertiesltd.com.ng/blog/real-estate-news-market-trends	10	H1=1
