/blog/banana-island-property-guide	5
/blog/best-areas-lagos-expats	4
/blog/certificate-of-occupancy-vs-governors-consent	3
/blog/diaspora-guide-buy-property-nigeria-abroad	1
/blog/documents-needed-buy-property-nigeria	7
/blog/governors-consent-timeline-lagos-2026	3
/blog/how-to-buy-luxury-property-nigeria	8
/blog/ikoyi-real-estate-guide	8
/blog/luxury-concierge-real-estate-nigeria	2
/blog/luxury-home-cost-lagos-2026	11
/blog/luxury-property-lekki-complete-guide	4
/blog/luxury-real-estate-investment-roi-lagos	7
/blog/market-trend-blog-post	6
/blog/most-expensive-neighborhoods-lagos-2026	11
/blog/nigerian-real-estate-buying-guide	4
/blog/off-market-properties-lagos	4
/blog/property-selling-guide-nigeria	3
/blog/real-estate-investment-tips-nigeria	4
/blog/real-estate-news-market-trends	5
/blog/sell-luxury-property-fast-lagos	4
/blog/victoria-island-luxury-real-estate-guide	3
/blog/voice-search-optimized-faqs	1
/blog/comparison	2
/blog/listicle	2
/landing/apartment-for-sale-victoria-island	2
/landing/banana-island-luxury-properties	2
/landing/buy-luxury-property-lekki	2
/landing/commercial-property-lagos	3
/landing/duplex-for-sale-lagos	1
/landing/house-for-sale-lekki	1
/landing/land-for-sale-ajah	1
/landing/luxury-apartments-nigeria	1
/landing/luxury-homes-for-sale-lagos	6
/landing/luxury-homes-nigeria	3
/landing/luxury-house-for-sale-ikoyi	2
/landing/real-estate-investment-lagos	6
/landing/shortlet-apartment-lagos	1