blog\banana-island-property-guide.html	[]
blog\best-areas-lagos-expats.html	[]
blog\certificate-of-occupancy-vs-governors-consent.html	[]
blog\comparison\index.html	[Article,Organization]
blog\diaspora-guide-buy-property-nigeria-abroad.html	[]
blog\documents-needed-buy-property-nigeria.html	[]
blog\governors-consent-timeline-lagos-2026.html	[]
blog\how-to-buy-luxury-property-nigeria.html	[]
blog\ikoyi-real-estate-guide.html	[]
blog\listicle\index.html	[ItemList]
blog\luxury-concierge-real-estate-nigeria.html	[]
blog\luxury-home-cost-lagos-2026.html	[]
blog\luxury-property-lekki-complete-guide.html	[]
blog\luxury-real-estate-investment-roi-lagos.html	[]
blog\market-trend-blog-post.html	[]
blog\most-expensive-neighborhoods-lagos-2026.html	[FAQPage,Question,Answer]
blog\nigerian-real-estate-buying-guide.html	[]
blog\off-market-properties-lagos.html	[]
blog\property-selling-guide-nigeria.html	[]
blog\real-estate-investment-tips-nigeria.html	[]
blog\real-estate-news-market-trends.html	[]
blog\sell-luxury-property-fast-lagos.html	[]
blog\victoria-island-luxury-real-estate-guide.html	[]
blog\voice-search-optimized-faqs.html	[]
buying-guides-blog.html	[]
Investment Tips.html	[]
landing\apartment-for-sale-victoria-island.html	[WebPage,ItemList,ListItem,FAQPage,Question,Answer,LocalBusiness,PostalAddress]
landing\banana-island-luxury-properties.html	[WebPage,ItemList,ListItem,FAQPage,Question,Answer,LocalBusiness,PostalAddress]
landing\buy-luxury-property-lekki.html	[]
landing\commercial-property-lagos.html	[WebPage,ItemList,ListItem,FAQPage,Question,Answer,LocalBusiness,PostalAddress]
landing\duplex-for-sale-lagos.html	[WebPage,ItemList,ListItem,FAQPage,Question,Answer,LocalBusiness,PostalAddress]
landing\house-for-sale-lekki.html	[WebPage,ItemList,ListItem,FAQPage,Question,Answer,LocalBusiness,PostalAddress]
landing\land-for-sale-ajah.html	[WebPage,ItemList,ListItem,FAQPage,Question,Answer,LocalBusiness,PostalAddress]
landing\luxury-apartments-nigeria.html	[WebPage,ItemList,ListItem,FAQPage,Question,Answer,LocalBusiness,PostalAddress]
landing\luxury-homes-for-sale-lagos.html	[]
landing\luxury-homes-nigeria.html	[WebPage,ItemList,ListItem,FAQPage,Question,Answer,LocalBusiness,PostalAddress]
landing\luxury-house-for-sale-ikoyi.html	[WebPage,ItemList,ListItem,FAQPage,Question,Answer,LocalBusiness,PostalAddress]
landing\real-estate-investment-lagos.html	[WebPage,ItemList,ListItem,FAQPage,Question,Answer,LocalBusiness,PostalAddress]
landing\shortlet-apartment-lagos.html	[WebPage,ItemList,ListItem,FAQPage,Question,Answer,LocalBusiness,PostalAddress]
market_trend_blog_post.html	[]
property_selling_guide_nigeria.html	[]
Real_estate_news.html	[]
