buying-guides-blog.html	https://luxurypropertiesltd.com.ng/blog/nigerian-real-estate-buying-guide	151	1	3051	4	3	/blog/how-to-buy-luxury-property-nigeria | /blog/documents-needed-buy-property-nigeria | /landing/luxury-homes-for-sale-lagos
googlec5d3e468141d2edd.html	NONE	0	0	2	0	0	
Investment Tips.html	https://luxurypropertiesltd.com.ng/blog/real-estate-investment-tips-nigeria	154	1	2940	4	3	/blog/luxury-real-estate-investment-roi-lagos | /blog/market-trend-blog-post | /landing/real-estate-investment-lagos
market_trend_blog_post.html	https://luxurypropertiesltd.com.ng/blog/market-trend-blog-post	153	1	2507	4	3	/blog/real-estate-news-market-trends | /blog/luxury-home-cost-lagos-2026 | /landing/real-estate-investment-lagos
property_selling_guide_nigeria.html	https://luxurypropertiesltd.com.ng/blog/property-selling-guide-nigeria	149	1	2184	4	3	/blog/sell-luxury-property-fast-lagos | /blog/off-market-properties-lagos | /sell
Real_estate_news.html	https://luxurypropertiesltd.com.ng/blog/real-estate-news-market-trends	156	1	2333	4	3	/blog/market-trend-blog-post | /blog/luxury-home-cost-lagos-2026 | /landing/commercial-property-lagos
blog\banana-island-property-guide.html	https://luxurypropertiesltd.com.ng/blog/banana-island-property-guide	156	1	257	7	6	https://luxurypropertiesltd.com.ng | /properties | /contact | /blog/most-expensive-neighborhoods-lagos-2026 | /blog/ikoyi-real-estate-guide | /landing/banana-island-luxury-properties
blog\best-areas-lagos-expats.html	https://luxurypropertiesltd.com.ng/blog/best-areas-lagos-expats	144	1	266	8	7	https://luxurypropertiesltd.com.ng | /properties | /contact | https://luxurypropertiesltd.com.ng/contact | /blog/most-expensive-neighborhoods-lagos-2026 | /blog/ikoyi-real-estate-guide | /landing/luxury-homes-for-sale-lagos
blog\certificate-of-occupancy-vs-governors-consent.html	https://luxurypropertiesltd.com.ng/blog/certificate-of-occupancy-vs-governors-consent	146	1	274	8	7	https://luxurypropertiesltd.com.ng | /properties | /contact | https://luxurypropertiesltd.com.ng/contact | /blog/governors-consent-timeline-lagos-2026 | /blog/documents-needed-buy-property-nigeria | /blog/how-to-buy-luxury-property-nigeria
blog\diaspora-guide-buy-property-nigeria-abroad.html	https://luxurypropertiesltd.com.ng/blog/diaspora-guide-buy-property-nigeria-abroad	146	1	287	8	7	https://luxurypropertiesltd.com.ng | /properties | /contact | https://luxurypropertiesltd.com.ng/contact | /blog/how-to-buy-luxury-property-nigeria | /blog/documents-needed-buy-property-nigeria | /landing/luxury-homes-nigeria
blog\documents-needed-buy-property-nigeria.html	https://luxurypropertiesltd.com.ng/blog/documents-needed-buy-property-nigeria	132	1	238	8	7	https://luxurypropertiesltd.com.ng | /properties | /contact | https://luxurypropertiesltd.com.ng/contact | /blog/certificate-of-occupancy-vs-governors-consent | /blog/governors-consent-timeline-lagos-2026 | /blog/nigerian-real-estate-buying-guide
blog\governors-consent-timeline-lagos-2026.html	https://luxurypropertiesltd.com.ng/blog/governors-consent-timeline-lagos-2026	133	1	237	8	7	https://luxurypropertiesltd.com.ng | /properties | /contact | https://luxurypropertiesltd.com.ng/contact | /blog/certificate-of-occupancy-vs-governors-consent | /blog/documents-needed-buy-property-nigeria | /blog/how-to-buy-luxury-property-nigeria
blog\how-to-buy-luxury-property-nigeria.html	https://luxurypropertiesltd.com.ng/blog/how-to-buy-luxury-property-nigeria	147	1	356	8	7	https://luxurypropertiesltd.com.ng | https://luxurypropertiesltd.com.ng/properties | https://luxurypropertiesltd.com.ng/contact | /blog/nigerian-real-estate-buying-guide | /blog/documents-needed-buy-property-nigeria | /landing/luxury-homes-for-sale-lagos
blog\ikoyi-real-estate-guide.html	https://luxurypropertiesltd.com.ng/blog/ikoyi-real-estate-guide	142	1	329	7	6	https://luxurypropertiesltd.com.ng | /properties | /contact | /blog/most-expensive-neighborhoods-lagos-2026 | /blog/victoria-island-luxury-real-estate-guide | /landing/luxury-house-for-sale-ikoyi
blog\luxury-concierge-real-estate-nigeria.html	https://luxurypropertiesltd.com.ng/blog/luxury-concierge-real-estate-nigeria	147	1	216	8	7	https://luxurypropertiesltd.com.ng | /properties | /contact | https://luxurypropertiesltd.com.ng/contact | /services | /landing/luxury-homes-nigeria
blog\luxury-home-cost-lagos-2026.html	https://luxurypropertiesltd.com.ng/blog/luxury-home-cost-lagos-2026	143	1	258	8	7	https://luxurypropertiesltd.com.ng | /properties | /contact | https://luxurypropertiesltd.com.ng/contact | /blog/most-expensive-neighborhoods-lagos-2026 | /blog/luxury-real-estate-investment-roi-lagos | /landing/luxury-homes-for-sale-lagos
blog\luxury-property-lekki-complete-guide.html	https://luxurypropertiesltd.com.ng/blog/luxury-property-lekki-complete-guide	156	1	48	5	4	https://luxurypropertiesltd.com.ng/contact | /landing/buy-luxury-property-lekki | /blog/best-areas-lagos-expats | /blog/most-expensive-neighborhoods-lagos-2026
blog\luxury-real-estate-investment-roi-lagos.html	https://luxurypropertiesltd.com.ng/blog/luxury-real-estate-investment-roi-lagos	158	1	265	8	7	https://luxurypropertiesltd.com.ng | /properties | /contact | https://luxurypropertiesltd.com.ng/contact | /blog/real-estate-investment-tips-nigeria | /blog/luxury-home-cost-lagos-2026 | /landing/real-estate-investment-lagos
blog\market-trend-blog-post.html	https://luxurypropertiesltd.com.ng/blog/market-trend-blog-post	153	1	2507	4	3	/blog/real-estate-news-market-trends | /blog/luxury-home-cost-lagos-2026 | /landing/real-estate-investment-lagos
blog\most-expensive-neighborhoods-lagos-2026.html	https://luxurypropertiesltd.com.ng/blog/most-expensive-neighborhoods-lagos-2026	154	1	752	8	7	https://luxurypropertiesltd.com.ng | https://luxurypropertiesltd.com.ng/properties | https://luxurypropertiesltd.com.ng/contact | /blog/ikoyi-real-estate-guide | /blog/banana-island-property-guide | /blog/luxury-home-cost-lagos-2026
blog\nigerian-real-estate-buying-guide.html	https://luxurypropertiesltd.com.ng/blog/nigerian-real-estate-buying-guide	151	1	3051	4	3	/blog/how-to-buy-luxury-property-nigeria | /blog/documents-needed-buy-property-nigeria | /landing/luxury-homes-for-sale-lagos
blog\off-market-properties-lagos.html	https://luxurypropertiesltd.com.ng/blog/off-market-properties-lagos	150	1	228	8	7	https://luxurypropertiesltd.com.ng | /properties | /contact | https://luxurypropertiesltd.com.ng/contact | /blog/sell-luxury-property-fast-lagos | /blog/luxury-concierge-real-estate-nigeria
blog\property-selling-guide-nigeria.html	https://luxurypropertiesltd.com.ng/blog/property-selling-guide-nigeria	149	1	2184	4	3	/blog/sell-luxury-property-fast-lagos | /blog/off-market-properties-lagos | /sell
blog\real-estate-investment-tips-nigeria.html	https://luxurypropertiesltd.com.ng/blog/real-estate-investment-tips-nigeria	154	1	2940	4	3	/blog/luxury-real-estate-investment-roi-lagos | /blog/market-trend-blog-post | /landing/real-estate-investment-lagos
blog\real-estate-news-market-trends.html	https://luxurypropertiesltd.com.ng/blog/real-estate-news-market-trends	156	1	2333	4	3	/blog/market-trend-blog-post | /blog/luxury-home-cost-lagos-2026 | /landing/commercial-property-lagos
blog\sell-luxury-property-fast-lagos.html	https://luxurypropertiesltd.com.ng/blog/sell-luxury-property-fast-lagos	135	1	196	8	7	https://luxurypropertiesltd.com.ng | /properties | /contact | https://luxurypropertiesltd.com.ng/contact | /blog/property-selling-guide-nigeria | /blog/off-market-properties-lagos | /sell
blog\victoria-island-luxury-real-estate-guide.html	https://luxurypropertiesltd.com.ng/blog/victoria-island-luxury-real-estate-guide	145	1	97	7	6	https://luxurypropertiesltd.com.ng | /properties | /contact | /landing/apartment-for-sale-victoria-island | /blog/ikoyi-real-estate-guide | /blog/most-expensive-neighborhoods-lagos-2026
blog\voice-search-optimized-faqs.html	https://luxurypropertiesltd.com.ng/blog/voice-search-optimized-faqs	137	1	246	5	4	https://luxurypropertiesltd.com.ng | /faq | /blog/most-expensive-neighborhoods-lagos-2026 | /blog/how-to-buy-luxury-property-nigeria
blog\amp\market-trend-blog-post\index.html	https://luxurypropertiesltd.com.ng/blog/market-trend-blog-post	167	1	871	6	5	https://luxurypropertiesltd.com.ng/blog/amp/market-trend-blog-post | https://luxurypropertiesltd.com.ng | https://luxurypropertiesltd.com.ng/properties | https://luxurypropertiesltd.com.ng/contact
blog\amp\nigerian-real-estate-buying-guide\index.html	https://luxurypropertiesltd.com.ng/blog/nigerian-real-estate-buying-guide	151	1	938	7	6	https://luxurypropertiesltd.com.ng/blog/amp/nigerian-real-estate-buying-guide | https://luxurypropertiesltd.com.ng | https://luxurypropertiesltd.com.ng/properties | https://luxurypropertiesltd.com.ng/contact
blog\amp\property-selling-guide-nigeria\index.html	https://luxurypropertiesltd.com.ng/blog/property-selling-guide-nigeria	174	1	698	7	6	https://luxurypropertiesltd.com.ng/blog/amp/property-selling-guide-nigeria | https://luxurypropertiesltd.com.ng | https://luxurypropertiesltd.com.ng/properties | https://luxurypropertiesltd.com.ng/contact
blog\amp\real-estate-investment-tips-nigeria\index.html	https://luxurypropertiesltd.com.ng/blog/real-estate-investment-tips-nigeria	154	1	1018	7	6	https://luxurypropertiesltd.com.ng/blog/amp/real-estate-investment-tips-nigeria | https://luxurypropertiesltd.com.ng | https://luxurypropertiesltd.com.ng/properties | https://luxurypropertiesltd.com.ng/contact
blog\amp\real-estate-news-market-trends\index.html	https://luxurypropertiesltd.com.ng/blog/real-estate-news-market-trends	156	1	897	7	6	https://luxurypropertiesltd.com.ng/blog/amp/real-estate-news-market-trends | https://luxurypropertiesltd.com.ng | https://luxurypropertiesltd.com.ng/properties | https://luxurypropertiesltd.com.ng/contact
blog\comparison\index.html	https://luxurypropertiesltd.com.ng/blog/comparison	146	1	850	13	9	/properties | /contact | /blog/ikoyi-real-estate-guide | /blog/banana-island-property-guide | /blog/luxury-property-lekki-complete-guide | /blog/listicle
blog\listicle\index.html	https://luxurypropertiesltd.com.ng/blog/listicle	144	1	980	13	9	/properties | /contact | /blog/comparison | /blog/most-expensive-neighborhoods-lagos-2026 | /blog/luxury-home-cost-lagos-2026
landing\apartment-for-sale-victoria-island.html	https://luxurypropertiesltd.com.ng/landing/apartment-for-sale-victoria-island	145	1	225	11	10	https://luxurypropertiesltd.com.ng | https://luxurypropertiesltd.com.ng/properties | https://luxurypropertiesltd.com.ng/contact | /properties | /blog/victoria-island-luxury-real-estate-guide | /rent | https://luxurypropertiesltd.com.ng/privacy-policy | https://luxurypropertiesltd.com.ng/terms-conditions
landing\banana-island-luxury-properties.html	https://luxurypropertiesltd.com.ng/landing/banana-island-luxury-properties	143	1	225	11	10	https://luxurypropertiesltd.com.ng | https://luxurypropertiesltd.com.ng/properties | https://luxurypropertiesltd.com.ng/contact | /properties | /blog/banana-island-property-guide | /blog/most-expensive-neighborhoods-lagos-2026 | https://luxurypropertiesltd.com.ng/privacy-policy | https://luxurypropertiesltd.com.ng/terms-conditions
landing\buy-luxury-property-lekki.html	https://luxurypropertiesltd.com.ng/landing/buy-luxury-property-lekki	146	1	208	8	7	https://luxurypropertiesltd.com.ng | https://luxurypropertiesltd.com.ng/properties | https://luxurypropertiesltd.com.ng/contact | /properties | /blog/luxury-property-lekki-complete-guide | /blog/luxury-home-cost-lagos-2026
landing\commercial-property-lagos.html	https://luxurypropertiesltd.com.ng/landing/commercial-property-lagos	144	1	227	11	10	https://luxurypropertiesltd.com.ng | https://luxurypropertiesltd.com.ng/properties | https://luxurypropertiesltd.com.ng/contact | /properties | /services | /blog/real-estate-news-market-trends | https://luxurypropertiesltd.com.ng/privacy-policy | https://luxurypropertiesltd.com.ng/terms-conditions
landing\duplex-for-sale-lagos.html	https://luxurypropertiesltd.com.ng/landing/duplex-for-sale-lagos	150	1	242	11	10	https://luxurypropertiesltd.com.ng | https://luxurypropertiesltd.com.ng/properties | https://luxurypropertiesltd.com.ng/contact | /properties | /buy | /blog/luxury-home-cost-lagos-2026 | https://luxurypropertiesltd.com.ng/privacy-policy | https://luxurypropertiesltd.com.ng/terms-conditions
landing\house-for-sale-lekki.html	https://luxurypropertiesltd.com.ng/landing/house-for-sale-lekki	153	1	244	11	10	https://luxurypropertiesltd.com.ng | https://luxurypropertiesltd.com.ng/properties | https://luxurypropertiesltd.com.ng/contact | /properties | /blog/luxury-property-lekki-complete-guide | /blog/best-areas-lagos-expats | https://luxurypropertiesltd.com.ng/privacy-policy | https://luxurypropertiesltd.com.ng/terms-conditions
landing\land-for-sale-ajah.html	https://luxurypropertiesltd.com.ng/landing/land-for-sale-ajah	148	1	237	11	10	https://luxurypropertiesltd.com.ng | https://luxurypropertiesltd.com.ng/properties | https://luxurypropertiesltd.com.ng/contact | /properties | /blog/luxury-real-estate-investment-roi-lagos | /contact | https://luxurypropertiesltd.com.ng/privacy-policy | https://luxurypropertiesltd.com.ng/terms-conditions
landing\luxury-apartments-nigeria.html	https://luxurypropertiesltd.com.ng/landing/luxury-apartments-nigeria	132	1	220	11	10	https://luxurypropertiesltd.com.ng | https://luxurypropertiesltd.com.ng/properties | https://luxurypropertiesltd.com.ng/contact | /properties | /rent | /blog/luxury-home-cost-lagos-2026 | https://luxurypropertiesltd.com.ng/privacy-policy | https://luxurypropertiesltd.com.ng/terms-conditions
landing\luxury-homes-for-sale-lagos.html	https://luxurypropertiesltd.com.ng/landing/luxury-homes-for-sale-lagos	155	1	229	8	7	https://luxurypropertiesltd.com.ng | https://luxurypropertiesltd.com.ng/properties | https://luxurypropertiesltd.com.ng/contact | /properties | /blog/most-expensive-neighborhoods-lagos-2026 | /blog/ikoyi-real-estate-guide
landing\luxury-homes-nigeria.html	https://luxurypropertiesltd.com.ng/landing/luxury-homes-nigeria	133	1	223	11	10	https://luxurypropertiesltd.com.ng | https://luxurypropertiesltd.com.ng/properties | https://luxurypropertiesltd.com.ng/contact | /properties | /blog/how-to-buy-luxury-property-nigeria | /blog/luxury-real-estate-investment-roi-lagos | https://luxurypropertiesltd.com.ng/privacy-policy | https://luxurypropertiesltd.com.ng/terms-conditions
landing\luxury-house-for-sale-ikoyi.html	https://luxurypropertiesltd.com.ng/landing/luxury-house-for-sale-ikoyi	136	1	232	11	10	https://luxurypropertiesltd.com.ng | https://luxurypropertiesltd.com.ng/properties | https://luxurypropertiesltd.com.ng/contact | /properties | /blog/ikoyi-real-estate-guide | /blog/banana-island-property-guide | https://luxurypropertiesltd.com.ng/privacy-policy | https://luxurypropertiesltd.com.ng/terms-conditions
landing\real-estate-investment-lagos.html	https://luxurypropertiesltd.com.ng/landing/real-estate-investment-lagos	131	1	217	11	10	https://luxurypropertiesltd.com.ng | https://luxurypropertiesltd.com.ng/properties | https://luxurypropertiesltd.com.ng/contact | /blog/luxury-real-estate-investment-roi-lagos | /blog/real-estate-investment-tips-nigeria | /contact | https://luxurypropertiesltd.com.ng/privacy-policy | https://luxurypropertiesltd.com.ng/terms-conditions
landing\shortlet-apartment-lagos.html	https://luxurypropertiesltd.com.ng/landing/shortlet-apartment-lagos	147	1	232	11	10	https://luxurypropertiesltd.com.ng | https://luxurypropertiesltd.com.ng/properties | https://luxurypropertiesltd.com.ng/contact | /rent | /properties | /blog/best-areas-lagos-expats | https://luxurypropertiesltd.com.ng/privacy-policy | https://luxurypropertiesltd.com.ng/terms-conditions
