blog\banana-island-property-guide.html	64	156
blog\best-areas-lagos-expats.html	74	144
blog\certificate-of-occupancy-vs-governors-consent.html	73	146
blog\comparison\index.html	103	146
blog\diaspora-guide-buy-property-nigeria-abroad.html	70	146
blog\documents-needed-buy-property-nigeria.html	67	132
blog\governors-consent-timeline-lagos-2026.html	58	133
blog\how-to-buy-luxury-property-nigeria.html	62	147
blog\ikoyi-real-estate-guide.html	64	142
blog\listicle\index.html	92	144
blog\luxury-concierge-real-estate-nigeria.html	58	147
blog\luxury-home-cost-lagos-2026.html	62	143
blog\luxury-property-lekki-complete-guide.html	56	156
blog\luxury-real-estate-investment-roi-lagos.html	67	158
blog\market-trend-blog-post.html	87	153
blog\most-expensive-neighborhoods-lagos-2026.html	64	154
blog\nigerian-real-estate-buying-guide.html	55	151
blog\off-market-properties-lagos.html	64	150
blog\property-selling-guide-nigeria.html	84	149
blog\real-estate-investment-tips-nigeria.html	65	154
blog\real-estate-news-market-trends.html	65	156
blog\sell-luxury-property-fast-lagos.html	68	135
blog\victoria-island-luxury-real-estate-guide.html	55	145
blog\voice-search-optimized-faqs.html	59	137
buying-guides-blog.html	55	151
Investment Tips.html	65	154
landing\apartment-for-sale-victoria-island.html	60	145
landing\banana-island-luxury-properties.html	58	143
landing\buy-luxury-property-lekki.html	62	146
landing\commercial-property-lagos.html	55	144
landing\duplex-for-sale-lagos.html	55	150
landing\house-for-sale-lekki.html	61	153
landing\land-for-sale-ajah.html	55	148
landing\luxury-apartments-nigeria.html	55	132
landing\luxury-homes-for-sale-lagos.html	56	155
landing\luxury-homes-nigeria.html	46	133
landing\luxury-house-for-sale-ikoyi.html	56	136
landing\real-estate-investment-lagos.html	55	131
landing\shortlet-apartment-lagos.html	64	147
market_trend_blog_post.html	87	153
property_selling_guide_nigeria.html	84	149
Real_estate_news.html	65	156
